-- MySQL dump 10.13  Distrib 8.0.19, for Win64 (x86_64)
--
-- Host: localhost    Database: trocqc
-- ------------------------------------------------------
-- Server version	8.0.31

/*!40101 SET @OLD_CHARACTER_SET_CLIENT=@@CHARACTER_SET_CLIENT */;
/*!40101 SET @OLD_CHARACTER_SET_RESULTS=@@CHARACTER_SET_RESULTS */;
/*!40101 SET @OLD_COLLATION_CONNECTION=@@COLLATION_CONNECTION */;
/*!50503 SET NAMES utf8mb4 */;
/*!40103 SET @OLD_TIME_ZONE=@@TIME_ZONE */;
/*!40103 SET TIME_ZONE='+00:00' */;
/*!40014 SET @OLD_UNIQUE_CHECKS=@@UNIQUE_CHECKS, UNIQUE_CHECKS=0 */;
/*!40014 SET @OLD_FOREIGN_KEY_CHECKS=@@FOREIGN_KEY_CHECKS, FOREIGN_KEY_CHECKS=0 */;
/*!40101 SET @OLD_SQL_MODE=@@SQL_MODE, SQL_MODE='NO_AUTO_VALUE_ON_ZERO' */;
/*!40111 SET @OLD_SQL_NOTES=@@SQL_NOTES, SQL_NOTES=0 */;

--
-- Table structure for table `expenses`
--

DROP TABLE IF EXISTS `expenses`;
/*!40101 SET @saved_cs_client     = @@character_set_client */;
/*!50503 SET character_set_client = utf8mb4 */;
CREATE TABLE `expenses` (
  `id` int NOT NULL,
  `cost` float NOT NULL,
  `duration` enum('hour','day','week','month','trimester','year') NOT NULL,
  `start_date` timestamp NOT NULL,
  `end_date` timestamp NOT NULL,
  PRIMARY KEY (`id`)
) ENGINE=InnoDB DEFAULT CHARSET=utf8mb4 COLLATE=utf8mb4_0900_ai_ci;
/*!40101 SET character_set_client = @saved_cs_client */;

--
-- Dumping data for table `expenses`
--

LOCK TABLES `expenses` WRITE;
/*!40000 ALTER TABLE `expenses` DISABLE KEYS */;
/*!40000 ALTER TABLE `expenses` ENABLE KEYS */;
UNLOCK TABLES;

--
-- Table structure for table `notes`
--

DROP TABLE IF EXISTS `notes`;
/*!40101 SET @saved_cs_client     = @@character_set_client */;
/*!50503 SET character_set_client = utf8mb4 */;
CREATE TABLE `notes` (
  `id` int NOT NULL AUTO_INCREMENT,
  `note_body` varchar(250) NOT NULL,
  `note_subject` varchar(250) NOT NULL,
  `posX` double NOT NULL,
  `posY` double NOT NULL,
  PRIMARY KEY (`id`)
) ENGINE=InnoDB AUTO_INCREMENT=5 DEFAULT CHARSET=utf8mb4 COLLATE=utf8mb4_0900_ai_ci;
/*!40101 SET character_set_client = @saved_cs_client */;

--
-- Dumping data for table `notes`
--

LOCK TABLES `notes` WRITE;
/*!40000 ALTER TABLE `notes` DISABLE KEYS */;
INSERT INTO `notes` VALUES (1,'Get that spaghetti recipe','ANOTHER POST!!!!!',165,177),(3,'MAH!','Call Mom',112,283),(4,'Says what?','SAumon!',195,80);
/*!40000 ALTER TABLE `notes` ENABLE KEYS */;
UNLOCK TABLES;

--
-- Table structure for table `product`
--

DROP TABLE IF EXISTS `product`;
/*!40101 SET @saved_cs_client     = @@character_set_client */;
/*!50503 SET character_set_client = utf8mb4 */;
CREATE TABLE `product` (
  `id` int NOT NULL AUTO_INCREMENT,
  `name` varchar(100) NOT NULL,
  `SKU` varchar(100) NOT NULL,
  `cost` double NOT NULL,
  `description` varchar(300) DEFAULT NULL,
  `MSRP` double NOT NULL,
  `addedDate` timestamp NULL DEFAULT CURRENT_TIMESTAMP,
  `isTemplate` tinyint(1) NOT NULL DEFAULT '0',
  `idUnitOfMeasure` int NOT NULL,
  `quantity` double NOT NULL,
  `lowQuantityLevel` float DEFAULT NULL,
  `userID` int NOT NULL,
  `QRcode` varchar(100) DEFAULT NULL,
  PRIMARY KEY (`id`),
  KEY `product_FK` (`idUnitOfMeasure`),
  KEY `product_FK_1` (`userID`),
  CONSTRAINT `product_FK` FOREIGN KEY (`idUnitOfMeasure`) REFERENCES `unitofmeasure` (`id`),
  CONSTRAINT `product_FK_1` FOREIGN KEY (`userID`) REFERENCES `user` (`id`)
) ENGINE=InnoDB AUTO_INCREMENT=3 DEFAULT CHARSET=utf8mb4 COLLATE=utf8mb4_0900_ai_ci;
/*!40101 SET character_set_client = @saved_cs_client */;

--
-- Dumping data for table `product`
--

LOCK TABLES `product` WRITE;
/*!40000 ALTER TABLE `product` DISABLE KEYS */;
INSERT INTO `product` VALUES (1,'Widget A','WA1',9.99,'A medium Widget',99.99,'2022-11-20 15:36:30',0,4,12,20,1,NULL),(2,'Widget B','WB2',19.99,'A large Widget',249.49,'2022-11-20 15:37:30',0,4,23,3,1,NULL);
/*!40000 ALTER TABLE `product` ENABLE KEYS */;
UNLOCK TABLES;

--
-- Table structure for table `productcustomfields`
--

DROP TABLE IF EXISTS `productcustomfields`;
/*!40101 SET @saved_cs_client     = @@character_set_client */;
/*!50503 SET character_set_client = utf8mb4 */;
CREATE TABLE `productcustomfields` (
  `productid` int DEFAULT NULL,
  `fieldtypeName` varchar(20) DEFAULT NULL,
  `fieldvalue` varchar(20) CHARACTER SET utf8mb4 COLLATE utf8mb4_0900_ai_ci DEFAULT NULL,
  KEY `productcustomfields_FK` (`productid`),
  CONSTRAINT `productcustomfields_FK` FOREIGN KEY (`productid`) REFERENCES `product` (`id`)
) ENGINE=InnoDB DEFAULT CHARSET=utf8mb4 COLLATE=utf8mb4_0900_ai_ci;
/*!40101 SET character_set_client = @saved_cs_client */;

--
-- Dumping data for table `productcustomfields`
--

LOCK TABLES `productcustomfields` WRITE;
/*!40000 ALTER TABLE `productcustomfields` DISABLE KEYS */;
/*!40000 ALTER TABLE `productcustomfields` ENABLE KEYS */;
UNLOCK TABLES;

--
-- Table structure for table `productcustomfieldtypes`
--

DROP TABLE IF EXISTS `productcustomfieldtypes`;
/*!40101 SET @saved_cs_client     = @@character_set_client */;
/*!50503 SET character_set_client = utf8mb4 */;
CREATE TABLE `productcustomfieldtypes` (
  `id` int NOT NULL AUTO_INCREMENT,
  `nom` varchar(100) NOT NULL,
  `type` enum('int','varchar','color') DEFAULT NULL,
  PRIMARY KEY (`id`)
) ENGINE=InnoDB AUTO_INCREMENT=3 DEFAULT CHARSET=utf8mb4 COLLATE=utf8mb4_0900_ai_ci;
/*!40101 SET character_set_client = @saved_cs_client */;

--
-- Dumping data for table `productcustomfieldtypes`
--

LOCK TABLES `productcustomfieldtypes` WRITE;
/*!40000 ALTER TABLE `productcustomfieldtypes` DISABLE KEYS */;
INSERT INTO `productcustomfieldtypes` VALUES (1,'Couleur Principale','color'),(2,'Type de batterie','varchar');
/*!40000 ALTER TABLE `productcustomfieldtypes` ENABLE KEYS */;
UNLOCK TABLES;

--
-- Table structure for table `rawmaterial`
--

DROP TABLE IF EXISTS `rawmaterial`;
/*!40101 SET @saved_cs_client     = @@character_set_client */;
/*!50503 SET character_set_client = utf8mb4 */;
CREATE TABLE `rawmaterial` (
  `id` int NOT NULL AUTO_INCREMENT,
  `name` varchar(100) CHARACTER SET utf8mb4 COLLATE utf8mb4_0900_ai_ci DEFAULT NULL,
  `cost` float DEFAULT NULL,
  `addedDate` timestamp NULL DEFAULT CURRENT_TIMESTAMP,
  `quantity` float DEFAULT NULL,
  `idUnitOfMeasure` int DEFAULT NULL,
  `idUser` int DEFAULT NULL,
  PRIMARY KEY (`id`),
  KEY `rawmaterial_FK` (`idUnitOfMeasure`),
  CONSTRAINT `rawmaterial_FK` FOREIGN KEY (`idUnitOfMeasure`) REFERENCES `unitofmeasure` (`id`)
) ENGINE=InnoDB AUTO_INCREMENT=4 DEFAULT CHARSET=utf8mb4 COLLATE=utf8mb4_0900_ai_ci;
/*!40101 SET character_set_client = @saved_cs_client */;

--
-- Dumping data for table `rawmaterial`
--

LOCK TABLES `rawmaterial` WRITE;
/*!40000 ALTER TABLE `rawmaterial` DISABLE KEYS */;
INSERT INTO `rawmaterial` VALUES (1,'Chaise',8,NULL,3,4,1),(2,'Double chaise',6,NULL,5,4,1),(3,'triple chaise',9,NULL,6,4,1);
/*!40000 ALTER TABLE `rawmaterial` ENABLE KEYS */;
UNLOCK TABLES;

--
-- Table structure for table `rawmaterialcustomfields`
--

DROP TABLE IF EXISTS `rawmaterialcustomfields`;
/*!40101 SET @saved_cs_client     = @@character_set_client */;
/*!50503 SET character_set_client = utf8mb4 */;
CREATE TABLE `rawmaterialcustomfields` (
  `rawMaterialid` int NOT NULL,
  `fieldtypeName` varchar(20) NOT NULL,
  `fieldValue` varchar(100) NOT NULL,
  `UserId` int DEFAULT NULL,
  KEY `rawmaterialcustomfields_FK` (`rawMaterialid`),
  KEY `rawmaterialcustomfields_FK_1` (`fieldtypeName`),
  KEY `rawmaterialcustomfields_FK_2` (`UserId`),
  CONSTRAINT `rawmaterialcustomfields_FK` FOREIGN KEY (`rawMaterialid`) REFERENCES `rawmaterial` (`id`),
  CONSTRAINT `rawmaterialcustomfields_FK_2` FOREIGN KEY (`UserId`) REFERENCES `user` (`id`)
) ENGINE=InnoDB DEFAULT CHARSET=utf8mb4 COLLATE=utf8mb4_0900_ai_ci;
/*!40101 SET character_set_client = @saved_cs_client */;

--
-- Dumping data for table `rawmaterialcustomfields`
--

LOCK TABLES `rawmaterialcustomfields` WRITE;
/*!40000 ALTER TABLE `rawmaterialcustomfields` DISABLE KEYS */;
INSERT INTO `rawmaterialcustomfields` VALUES (1,'Hello','Moto',1),(1,'Hello','Moto',1),(2,'Hello','Moto',1),(3,'Hello','Moto',1);
/*!40000 ALTER TABLE `rawmaterialcustomfields` ENABLE KEYS */;
UNLOCK TABLES;

--
-- Table structure for table `rawmaterialproducts`
--

DROP TABLE IF EXISTS `rawmaterialproducts`;
/*!40101 SET @saved_cs_client     = @@character_set_client */;
/*!50503 SET character_set_client = utf8mb4 */;
CREATE TABLE `rawmaterialproducts` (
  `id` int NOT NULL AUTO_INCREMENT,
  `productid` int NOT NULL,
  `rawmaterialid` int NOT NULL,
  `quantity` float NOT NULL,
  PRIMARY KEY (`id`),
  KEY `RawMaterialProducts_FK` (`productid`),
  KEY `RawMaterialProducts_FK_1` (`rawmaterialid`),
  CONSTRAINT `RawMaterialProducts_FK` FOREIGN KEY (`productid`) REFERENCES `product` (`id`),
  CONSTRAINT `RawMaterialProducts_FK_1` FOREIGN KEY (`rawmaterialid`) REFERENCES `rawmaterial` (`id`)
) ENGINE=InnoDB AUTO_INCREMENT=5 DEFAULT CHARSET=utf8mb4 COLLATE=utf8mb4_0900_ai_ci;
/*!40101 SET character_set_client = @saved_cs_client */;

--
-- Dumping data for table `rawmaterialproducts`
--

LOCK TABLES `rawmaterialproducts` WRITE;
/*!40000 ALTER TABLE `rawmaterialproducts` DISABLE KEYS */;
INSERT INTO `rawmaterialproducts` VALUES (1,1,1,10),(2,1,2,1),(3,2,1,20),(4,2,2,4);
/*!40000 ALTER TABLE `rawmaterialproducts` ENABLE KEYS */;
UNLOCK TABLES;

--
-- Table structure for table `revenugrowth`
--

DROP TABLE IF EXISTS `revenugrowth`;
/*!40101 SET @saved_cs_client     = @@character_set_client */;
/*!50503 SET character_set_client = utf8mb4 */;
CREATE TABLE `revenugrowth` (
  `id` int NOT NULL,
  `date` timestamp NOT NULL,
  `total_expenses` float NOT NULL,
  `total_revenu` float NOT NULL,
  `profit` float NOT NULL,
  `UserID` int DEFAULT NULL,
  PRIMARY KEY (`id`),
  KEY `revenugrowth_FK` (`UserID`),
  CONSTRAINT `revenugrowth_FK` FOREIGN KEY (`UserID`) REFERENCES `user` (`id`)
) ENGINE=InnoDB DEFAULT CHARSET=utf8mb4 COLLATE=utf8mb4_0900_ai_ci;
/*!40101 SET character_set_client = @saved_cs_client */;

--
-- Dumping data for table `revenugrowth`
--

LOCK TABLES `revenugrowth` WRITE;
/*!40000 ALTER TABLE `revenugrowth` DISABLE KEYS */;
/*!40000 ALTER TABLE `revenugrowth` ENABLE KEYS */;
UNLOCK TABLES;

--
-- Table structure for table `unitofmeasure`
--

DROP TABLE IF EXISTS `unitofmeasure`;
/*!40101 SET @saved_cs_client     = @@character_set_client */;
/*!50503 SET character_set_client = utf8mb4 */;
CREATE TABLE `unitofmeasure` (
  `id` int NOT NULL AUTO_INCREMENT,
  `name` varchar(100) CHARACTER SET utf8mb4 COLLATE utf8mb4_0900_ai_ci NOT NULL,
  `abbrievation` varchar(100) CHARACTER SET utf8mb4 COLLATE utf8mb4_0900_ai_ci NOT NULL,
  `parent` int NOT NULL DEFAULT '0',
  `ratio` float NOT NULL,
  PRIMARY KEY (`id`)
) ENGINE=InnoDB AUTO_INCREMENT=24 DEFAULT CHARSET=utf8mb4 COLLATE=utf8mb4_0900_ai_ci;
/*!40101 SET character_set_client = @saved_cs_client */;

--
-- Dumping data for table `unitofmeasure`
--

LOCK TABLES `unitofmeasure` WRITE;
/*!40000 ALTER TABLE `unitofmeasure` DISABLE KEYS */;
INSERT INTO `unitofmeasure` VALUES (4,'Unité','Unité',0,1),(5,'Metre','m',0,1),(6,'Centimetre','cm',5,100),(7,'Kilogramme','kg',0,1),(8,'gramme','g',7,1000),(9,'pouce','Po',5,0.0254),(10,'pied','Pi',5,0.3048),(11,'litre','l',0,1),(12,'millilitre','ml',11,1000),(13,'decalitre','Dl',11,0.1),(14,'gallon Américain','gal',11,0.264172),(15,'pinte Américain','pint',11,2.11338),(16,'tasse Américaine','cup',11,4.16667),(17,'once liquide Américaine','oz',11,33.814),(18,'cuillière à soupe Américaine','tbsp',11,67.628),(19,'cuillère à thé Américaine','tsp',11,202.884),(20,'livre','lbs',7,2.20462),(21,'once solide','oz',7,35.274),(22,'centilitre','cl',11,100),(23,'millimetre','mm',5,1000);
/*!40000 ALTER TABLE `unitofmeasure` ENABLE KEYS */;
UNLOCK TABLES;

--
-- Table structure for table `user`
--

DROP TABLE IF EXISTS `user`;
/*!40101 SET @saved_cs_client     = @@character_set_client */;
/*!50503 SET character_set_client = utf8mb4 */;
CREATE TABLE `user` (
  `id` int NOT NULL AUTO_INCREMENT,
  `productCategory` enum('vêtements','appareils électroniques','produits pour animaux','artisanal','services','cosmétiques','passe-temps') NOT NULL,
  `firstname` varchar(45) NOT NULL,
  `lastname` varchar(45) NOT NULL,
  `email` varchar(45) NOT NULL,
  `password` varchar(45) NOT NULL,
  `username` varchar(45) CHARACTER SET utf8mb4 COLLATE utf8mb4_0900_ai_ci NOT NULL,
  `adress` varchar(45) NOT NULL,
  `city` varchar(45) NOT NULL,
  `postalCode` char(7) NOT NULL,
  `siteWeb` varchar(100) DEFAULT NULL,
  `Avatar` blob,
  PRIMARY KEY (`id`)
) ENGINE=InnoDB AUTO_INCREMENT=2 DEFAULT CHARSET=utf8mb4 COLLATE=utf8mb4_0900_ai_ci;
/*!40101 SET character_set_client = @saved_cs_client */;

--
-- Dumping data for table `user`
--

LOCK TABLES `user` WRITE;
/*!40000 ALTER TABLE `user` DISABLE KEYS */;
INSERT INTO `user` VALUES (1,'','William','Lemire','wlemire.wl@gmail.com','123','William Lemire','3915 Rue Newmarch','Montréal','H4G 1G9','givesendgo.com',_binary '\\\0JFIF\0\0\0\0\0\0\\0C\0	\Z!\Z\"$\"$\\0C\0\0\0\"\0\\0\0\0\0\0\0\0\0\0\0\0	\n\\0\0\0\0}\0!1AQa\"q2#BR\\$3br	\n\Z%&\'()*456789:CDEFGHIJSTUVWXYZcdefghijstuvwxyz\\\\\\\\\\\\\\\\\\\\\\\\\\\\\\\\\\\\\0\0\0\0\0\0\0\0	\n\\0\0\0w\0!1AQaq\"2B	#3R\br\\n$4\%\\Z&\'()*56789:CDEFGHIJSTUVWXYZcdefghijstuvwxyz\\\\\\\\\\\\\\\\\\\\\\\\\\\\\\\\\\\0\0\0?\0\VL4\:\\\t\'\0\\\|#~9\\v>\\:\\1J\0lsT*CfSpҐƸ\\1\ȥdCn\p*UB\'\\Jp8\\0d\0*p4\f6*\0暀X:bB\\;x\\N\\OoZyumi\y*\31\?>/G\0\\`;\k\E&\\|Q\\#\v\[\݉O\߅x,k\Z\\mf\\Ѹڧ\#П\^y\w\Mqyq%Įr\횠\s\Qv\YG$I\5E#\9\rUF9zЀl\\Ȧ݀3\A!\\\\Ln\\nb%I\\TH\\'#?Ҝă\qQ\\d) \\\P4тt1\	N	R)GBO=<9\Rnyi\0\\"^/r) u\N\\\\\oA/\\{WJn>s_\\<m\If&V\ק\]D\9j\дT\m\GoJ.%pN*֘\\\\dcv\R(\rzL\\n\@9kf8&k߻\\\gS\65h\	\j\L\3<}l\0߶@X2\iqWn#L\\r\uiN}\x\<T\\$.,8J)3\A\T\u<rI=y29 [\\q\Uwpj\i֭s}pFcU~\cHy9\LW1\h\a`F\\\3\\\\\\g\\\\83~\\\\O+\\\f9&ƾ;\|K;}s\'l(p$-O\<\lOL\\!\'\'\"\\\ldM-83\x\\\\0^b P!\y*Jh=w\O9=qJci\s\6H\\[;\JG\\3M$qS #\\\-K6ED\\I&\\03R\\\\c\\\Jn\\Q9\\\xAC-\\m\f\!#9\k\s\\uf=\\n\z\rç\ 	\Z\r\ci\\\F\00:T2\\J \g֠mP1\ZіgH\*63rG[u\:qi@3)$|\J8[	\#Vd\vܜQ\T9翭4Ȱ	\n?S\\[;x\?\V^+7\*\Z\\6Sg\ymV\'\\]\\03\ں9_{\\#u\r\\"\\0꧙B\gx\RBx\a_\\0\\\r\'%\\6\ܶ\\]\I\Qr\+\%\n\y\|\\O\>!y.&a\7Ǿ\'\\igv\"$D\ErR\NЮ\d6>II9c\B\N0\G$=3\\\:S$x1\Uݽ8\\ `\N)A\z\O q\FF\sz\F\nO	\Q)V\+1<\\n\	\\\0^$F߿\m\P+$w\:\βuChPgɉ_ɀ붦\Z\ wZG\>1\\\3\0L\N\E!-\#;EO\\\|r\\b?\4\jNF)Z\\;T;\}\1)UD#B\r\5е\|75X\Ӯک6wns59Z3X%b\0Nk\aE$j\y\X9`\ٞX\ҝ\`WqZ)I\\:~\"4-b[,=9U\\\R2\rԣ(\2u\<Eq-#y6\\\\ױN:2Z\\I\ׇ=h\\C\x9ݿ<׬[\oseͬ,Rdu9A\e\2\'<ڡpU\B?Qm*U\\Ef\01Ri\9v\d\O\V\ױ\r\\c\2\0%zqOIBG}j=y=q\U%ܒ5\\\j\Q\\S$`YMoݵh.3ϽP\\F3e7f\\f&o܋\0\\Z\}\9\\=\qc>s\]; G|\<qZ\r\\FOS^{\\\\6\tZLO\\\J\0v\޾|\vf\\\\U>\n\\r89\\\P99\LyB\\L\3폔\RrKsښ2>ng\0\yȦ!\rGҜ\HO\\OZi\M;I\Z-\0z\\0,\Gy~9P{W)\\H\\Tʯ+_Cx>\a6NÈ\"wa+sH\3Ao$q(U\j\\"OeF*bU\n\0\Nj\nTz\P\\\T\\0\w\!\nk&U\ʩ\	7J̧s´W*ֱn\ރsW\Zd\C\rr\ݝP \Z7`\0㿽sF<r\0\\\Db2I=EakIoo$\#Ҧ\-\\Zu	\\>VfJv\C\k\'\^0K\C\\?xT`\z¯-\,2\\jF\\\\\\_2@\K\{\n|\'%\\i\\ׂ\\\\=WζKx\\t\x\5߇:\0N7tjϓ\>\"lj\\j\\\0z\kG*3r\0\!08ϥ6e,\<jPH\jKA\\<vm\8\\M>hv̂?*{2\ױb<\\\Vo\\\[ym\<V*Jz\G\5R\<\[Sc##ޅӛ{WTY[n\0\n+K\\C\0WT \\	\\q؞\"3\\_6|_?\\dc\>Ox\\\r\cԣS\\\\+6\$|OjEm\w3R\F;A\U\\\\Z1\\y\0e£l끟΅pGZ6kҟnl\,@{#>\+q>W;NG֦r\cy\4\U\\'\E*=ym\dT\\zރ(T9<׍	9J\\\#S\^uv\;\YB\'*\\6n\իѧ\$\b\70\@\M\"x\ğ1Yf8\!WoL\n\\9}{\?	o\t\7\ A#pa?\\5.WF\65SI\~\\{\\\)|-:\Pm>\_\Bqf\\0upOkˣ<?u\Rd\\Lѫg\ֆ@t\\qt\\\M\-?\\\m\KtIi\' 4!\n\8\H\=49\\_,U\}I\lŕȒ\'\b<[-An\\}R\L\|\_\\8\u+4d@6Q\zNVgK$P\9;c<\\\\r=;f4\'=z\j\5\\\`\\\Z˝ܙ\Al|9}\ǥ\\Y\\n\\n\Z=Z\v\V\\\\?\߁\䚼ʿ\W~\7,xG\\{4ExU׭h\EyJ\d\G\IǧV0\\\ZԸUڪ\Sv:\M1\\n#Ƈvp$D\\\&`T\Њ\"g\R{\=(K\02cQ2G5Uʀ\B\\+\&k\{+/\\\\T3\<\\GV?gx\\06\r\\0\6Uu`񏷵unN0\\r\0	z\\y\\rs\Ԩ\\"qX9\\"\%_3\j\\0݃\68\"q\-{I\\K[\O`V\8+\\\\;\=\\\"\\\׃xúr\!\\*{\\2\8Rj@N\\0\\\_\EB\7\^橙XF\\A\nv^޵\<(5\N\r\\\0	\\\\J\+KA+\y\'(־)\:Ded\\\F\\ӭsZ\jwZ<\\\n\\n.fd\\9\\i\\(ʈI4 g\\{ן2GZm>S\\\"Y4y\\rr\\j?N\\\kwd\\.0\Ҹx\Pּ\4UثjY$\88WcYՀ\"P\_C뢲p\X(8\mYzM\0\$6H!\^K\VWT) #\4;6#\(xx5\l\\\Z&B˞i\\m-\NU9[\y\ƙzVKkwG\"F{\}\g\^܃>C\\4|\=״\\Z=\\n䪌:UmKH\K2~جjя\\hNZ\sV\mmF\X®Uv}+\\4z\<WS\\\q\Ҽ\\ژVq8\\Z\jRnbaPR\\5\ټ\/%\ZFN%\?\Z/\i\6\cA^\&xN\R\\\\\"Qa 3p\\}+\\\\V&\l\s\+\^6v\\˓?EA\1^\\"|B\\\\ֶ\\\\\.wqnq\-\.\\ItN;{P\0r\fjTU(\\<}2o\;Μx\ӵh[\oun\'$\*\rVCy\hB3&^0#IҨ8\0\\:A\RU	ʧ&LΔlrc\ShN\:b\\F\8\B\\\\P\F|\\\\\ƫ\=h?\qϷս/ʹQ\ֱ<Z%	\\3j]JF_\^>h\\ˌ}`w\\~\<\96w\0f\0pk[@<zUq\0UhHa\j\.ʴ!\\ gjS\,5Kfx\\\E8RyeRW\u\^\':y\7^Vy\d\\Z\MkZ\\DKҾ b(qI\\\r\\\]Op˃S\v\Ax/;}+\\[2\\pIg\;߄\,\k-\9:r*w3>j\Z]\n_g<A_<q\\\aĞ\\\\\1H1s\\tZ\|$\qc7\OvZ@\mV\`WV,֋c֍5{s\gúw`[\\\\\0u\nGrB\G@?_jЬZ\HZ8\Q\떞\\Ǜkg\r\8iWMDb˚\\\\\ra\w\0\n\;F71[7\\;!*G;\1 Wi^0\59\\t)\~\0\XM\ⓨ_j\^ܼ-ѯO\\5xlC\,ʦ_*=\~\']\?h\#\n.4YDPL\FT2;)\\\40\hv\[\\$QG\oĚԎXsץpNi\\Nw\bZ\\\0OyƩxfnp{ַZY/N\X\\Zwnե*\ڃrT\\\}8x}4&\mԟ\bG&1\~?|\\\\\%җ;g|\!-_pX\Cig\r\`*?!^\\Z3<\\d\%?k+\#V\}\\\\\r\|\\V:\\}v\6cI3\\0W_C\\M\o<lL\\_\,\\;(o,Y\r9\lCd\\K\Zǅn6\\'f\\\}ǡ涅şUJ\VR\\>\?\\h>\'\0FXnq\A#ma\\+}ڿ0-Ut\3nr\\A\ک\ĖB\J:\r2c$\Y\Rʹlc\0P\\"\݁Qx\X-ڞ\Fի&Dd\\ax\T\\9?\.b3\0L)\0>h`͌}\\\\~\c>\p}u@C\r\r\$Lۈ\ۑ\\\j\\sVSUnCep\\mm\"R@\.J\\r\ӰO0\T2OZuU*\0ScStH2UQہ\L2C(\@2r\h7QԬ]\\s\޼\\\\\ڇ\&\0VL8\\l\V:rzpkVVч\:O\\\\T\\_AZI\L]\\ca\>ԬrG\\cj6\$\i\\\BAƕ\n\kB1\\\\i\~|cnxkQ`ӴDR(\~X\p\0W7/t\vOg4\EG{\\h]\V}NiY$\7A\cV?\\\\+&\V\ֹ\xvf\\\\\˅prE\\i]܉͝]\\.w~=j\\  \XT,gq#kW\V^\"\m\\D2O<ʁG^O+&\H\NM~\\6\$w\\~\\?\姅|)cY \\>c\c\95M{I%\T49߉~!\\\5\^{Q\禯y6{5܄f21\ӿ_,l#nf?j\`8Q\\K\0&IR\e,x\\UY\\\ɫD\\X\\\̶\\\\Y	,ζ\\\0$^\ov̶Zꉡ80\\\^H\ps\zi;J\)3\3V\uKQ=\s\\$dI+W\:uM\Ͱ2̹X{\\0|L\\"\-/@\\\,O\˹Zgy4 \;\\0\\/F\KֳHYu\\\\\\\V\.\\.r?\\\4.|&=\\򏷵u0\p\'ҹ\?tLg<c}RB0\<Ռ.ږ\!G?Yjp8\g]\d\0\!#\;`Gj\Z^H\j	\\z\	+\OXґT1\O-x]\y\W\\"\TrJ\8\\B<t^ޤ\0 \_nѶ\*@$T\F\u\0U8r\\gjϱG~(}=]#\Te\G_PF) e\\#.yܠ\2izsɖ \0\?ҭ\\0MY\n0uI\\kcR\փ\\H>@\\~7\mY\\>)\\\_5	\\k\ Fp;לm\#i\SR\k\{\nnkN3戾	\_ZĨ3$5\\\\\\\5}EִA>H\S\k\\oZh\_06\r\rֽ\\Z\4Z\Tw`1h\0g>d{\Z\iQ\\ƞ\U䣱\\ZH\nrzsTV\G\nu+\M+{_*|-\ϋoErM0L\d\l\\s\]\\Y\+;v\séPF2MoF[#*\&\>p\;\\0X vUs7r	dFҒIw\";\\b\\Gn\H\h\fTo#nQ8\\{I\\ّHZ=x5&\j\\E\t*Mgܬn\/\Z\Ğ\0}g\\\\҆5q	S\0\uvA5+2o\"\\0\e\\Ǯ\Ic\\Z\|y2ŧ\\覯n9==\u=2|\\M\ƥnm	7\?\hcl\\]\8?\\\1\\1\ں\;\\|-\e\0\\j2\0x\S8_jHF\FGJl\9Im\\,Mo>B\qI\\sV<\0\rTPs.j\`kDAf.\9|; F\S\s\֬ɀr\0\\#\U`įLzGʽjF=8}i \\h\\`x5n\\͚Ӏ\Uq\8e\y\;}:U\ UhT\85z\\82cf\"8>\0Q\5\\\}^\\\\\\\w\\Z\mσb\$-3\|\4e\\&\4\0|\r\e@4\hR\?+\Is#d\b\\\\g\L,I\\\9u\\\kB/[\\gG\\w7;CE\\|j\\}%w}n\`,p@\8?u~xB\0Q\\stwQ$ו~\7\?\/\Z\$_N~u(:V]1\\\U9ao@N\ڧ\\\*\TbC\Z[>\\\\\.\v\#9E\'\c\\\\I\na@V|d\4\Zģ+\:Ծ[A\\=y\0\T2j\n\"\\\m\cb\\F;\zwk\\I6c\85/).\\\5\03sFI\V/C#dʎ}z\c,n\\y>:_D\*v	\H\r\>\c \F?E);j}%\\\Esex\\xa\8\\|.qj\\mC\\\:l_Ft\\b\\9\h\nA\*\R(PҰpgw\Ҭ\qҪ(\r.qZ.qӭR]\ɢ`\v\Va\ݸ1\+1\nGS\ZQ0\n?R.&FNy\\K!\v5BN\6pO\0^IiORGOAWr,MnqU=<\Aps\\Zy\\1\wc޴\\Q@<ߵ^\\$N\y\\<֍y `q\T\8<\HQ\\'k6r\,d\Nkͻ\0\9\榌RF냸c~\n۴l\r\r|e\\\i\\,J\̌\?\i\sCШLv*ջ{W\\\|\4\{\\3\p5y\2 \^\u\%L[\1K\3\\U\"\M\\BlC\k\$\\rҫ\O]?*⎢\\alq\h\0*/\xԭeAdbp\c\\?ȃ_\"\y%\{.\\.\Ku&\ֳߘ\K6Fy##Ұ-\Yfg	NH\үϰ=ϯ\\\m\ԶzL\\j\3&mj\\j\c%F>*KXŽ\w\Tt؃ɽ\$\SZ\\V(\c\li\5*@\2<⠺6*\ށ\"䃚xbH$\ޢ\3\O\'\gR\ZBw\\N\z\xci	\\=qAI\\`<.?\\9\J\V\]Nr2x5\|\"`|=Sv\P\\\}k)|GLvip\\\9\\ZQ\`H\J\8x㊹\Mn6C\y\,2bj0\\zԊ\\nU\n6;¨\G=kE@\\\X\FvSVc\A\Rv&H\iA`:\*\Fu\e\\dT\95:\\\0\Uq8>wJ\\\$)n1\^o\xK\G0\яzJ\.\\\\Wx\続\(\;;וZu#-\_\rN\:/\nH\,\-fp$r3r9\WT7\-fydb2BOnq^C\\\j8n7\n\6a&\zUC=j`b\rYҬɴ\@8\\\<\\\r1i\\\0H6\0|\\\n\wj1_Y\\K\RIe#޻)b&޻uhEh?G\yO\\\\OOsl\H\Fq\\02\N\'\\\0\\FUQ\\z89\\u\\KJӴu[\T>c1\tB\CX\\\\H=qT\e \U\Z\vw^#O\0Gs\0g<~Z\D0\/\\*ǰ\>2G\^uvDis^BzJ\'\k\\	FI\Lu~;\\3pH`A$~5\E=~}K\Bz\Y!Sۊ\<Qr\ءQ{\0\\̱Ąu&yƥ,3\I\\\aørE]P6#\\\֢̈Tzv\T0V5V\V0&\28\\˗\q\3ck\\\\b \ÿqN\nKl~U!fU;yc\R^%\\Qnmޝ\0	\\	\\\AH\\xt\rX\\\(da\0׮/b\~b\\0\[o\0\\WTnv<\R|\LvGZ|S\1v\O\\0 \=\֦P`\\*\\PJ\N2j\_|<Oƾ`KsO(\pj\\\\u\0<\\t\01zxq_$+ᙹ\rHD1\OW>񎁍PsT\@\\	\0hW\K-\\RW\\	Ci\d\v\'c\-Ě4ڜ>No\7sڲ>0i1[\i~ɶ:w\KuxnfGV\\lQx\\Ou\\E\0r:\\s\#ϩӆ\-=N-4侁O\q\\mX\\\j\O\s\0+\]CR\\i\ Go@;W!y\\\Z.\[+q\\\s\Zk\zo\#V\\\X:\ͷjڌ*!,[z\l;w8\\T!m>srw=\\&\'\1G2eo\?\\\KE,>\\caWq\5I\\\Z\\]\`\cW7[k6\\OmialeX\\W\c½S\畜ϗ&\'~\늱H\#pj	\jT\&0\\\&L}s\T\h\_d)/\G\	3\\R	W\`8^H\rq\XypG\kO\,\\\w]\m\A(pMTcʂ<ҏ65VF\qKwv%P<s\S8g)$ .c=\\,4\\\O9:Th(\\\\'j\\r>\\\\`HϥG3\E\F3#\'F!\T\%0\\A\7~\#m$<\\\Htt\?6U^t\ESe\0<)y)\\\\\\^\Ҵ;s\B\U\Tgڂ1\>\\0\\i\(f\0P:`\JG<\nIW`9\\Tp%m\ϥYu\9\ؠQq\u:jt\n\\:qQR\0\\OZSj\\n,-\B3Vܐ!H\0v+\rsEM\)\E{jj^y1,ǫi\ny\\\\ns\T$\rמ\0\2^[K\\"|m\\P\\\,V\kۍ`Ǡjn%\"nyZ\t\r2\CG9mq$\,1\}sUK\oDv_u=SA\\	x<\\n\-\1(@?J\\\4\e\_K2\\{K3O\\y\\\;\>}Z]Aԥ\\\\k\y]۹\'[N}\\]=@\4\\5\^j[vXg?ʳ2\\\\O\6\Zl\\ b<\Z$Cri9^z\~ӗZ׈\\\>\\Jð\*\nv\PDKoRrz\y\\O\\\hDx\=I\j+d-\\PA\M\"\I\ɢ\+H\01\\"\'9\'#s\\4\X\ZQ~,(\I[yA a;d`*\R\\\JH\'+ҎGf\\0/(vX\r%\i]XK\7KAg5(rqϽFeiH\0I#9\KPqۚq9\Zb\*\\0zv渓\?7N\p?\Z\mĀMbXfe\Z \ƪ\0BF}\c\`Uh$`@\,	n# T_QI\'1ҵ4\RZ\cVD`{JbGm&+\\㕴$\.OBOz\\%c\3N\c\/5r\r\'\u0\|\P1\{v-\]\2\㞵DՔ\6\8v+φ~prpþj\>\)>U$Cg;\ ubb\I5\h\7G~xUnBc\\;$\qqM\'V܄\늻L`\4\;\{\\\)\xv쓧\VnG\\PMj\\\$bf)\Qaܶd\*0O\Tr[\u\js P?Z#u\qi4sGJ\2\q\ҫdO9\W!#}i\r&JA\ny\Z[\o\'\Q\?).0,&>OJ\zgO\\\Z6\\\0\y`ʜ\<9\Ȭdٺ؍G\\ӺrOjrt\u\ \\\Nq\Dǌ\NRh\\\'w9<\1I\w5\"\qր\`\Gi\L\	9\)\I<)\$:Ա\r\A\0t\S$k#?\b|s[\s\\5x \\r\\ZiؖSF\H\֬Ilr*`N\eN\\\\r\\A۸q\N	=-\r\L2yО\ۻ%\0\n\\zS\\qU΍B\r\H\0OZ\cp\z8T\+2\\Y~`skP,I#\\<R\ŀy\E44RӮ\\	\ZS\F\c\ڝ\\Nw)\IkʪH8)$g\\f\6\\\nZt\ҔO\\Ԝg?֨\+;\)_@$g.py$\ \RI\0\A\n&P\u\]T\\\\\=\0^&R`\Nӏ)YL3ݞJw1\\L\0J\>\');
/*!40000 ALTER TABLE `user` ENABLE KEYS */;
UNLOCK TABLES;

--
-- Dumping routines for database 'trocqc'
--
/*!40103 SET TIME_ZONE=@OLD_TIME_ZONE */;

/*!40101 SET SQL_MODE=@OLD_SQL_MODE */;
/*!40014 SET FOREIGN_KEY_CHECKS=@OLD_FOREIGN_KEY_CHECKS */;
/*!40014 SET UNIQUE_CHECKS=@OLD_UNIQUE_CHECKS */;
/*!40101 SET CHARACTER_SET_CLIENT=@OLD_CHARACTER_SET_CLIENT */;
/*!40101 SET CHARACTER_SET_RESULTS=@OLD_CHARACTER_SET_RESULTS */;
/*!40101 SET COLLATION_CONNECTION=@OLD_COLLATION_CONNECTION */;
/*!40111 SET SQL_NOTES=@OLD_SQL_NOTES */;

-- Dump completed on 2022-11-23 13:03:27
