-- MySQL dump 10.13  Distrib 8.0.28, for Win64 (x86_64)
--
-- Host: localhost    Database: trocqc
-- ------------------------------------------------------
-- Server version	8.0.28

/*!40101 SET @OLD_CHARACTER_SET_CLIENT=@@CHARACTER_SET_CLIENT */;
/*!40101 SET @OLD_CHARACTER_SET_RESULTS=@@CHARACTER_SET_RESULTS */;
/*!40101 SET @OLD_COLLATION_CONNECTION=@@COLLATION_CONNECTION */;
/*!50503 SET NAMES utf8mb4 */;
/*!40103 SET @OLD_TIME_ZONE=@@TIME_ZONE */;
/*!40103 SET TIME_ZONE='+00:00' */;
/*!40014 SET @OLD_UNIQUE_CHECKS=@@UNIQUE_CHECKS, UNIQUE_CHECKS=0 */;
/*!40014 SET @OLD_FOREIGN_KEY_CHECKS=@@FOREIGN_KEY_CHECKS, FOREIGN_KEY_CHECKS=0 */;
/*!40101 SET @OLD_SQL_MODE=@@SQL_MODE, SQL_MODE='NO_AUTO_VALUE_ON_ZERO' */;
/*!40111 SET @OLD_SQL_NOTES=@@SQL_NOTES, SQL_NOTES=0 */;

--
-- Table structure for table `expenses`
--

DROP TABLE IF EXISTS `expenses`;
/*!40101 SET @saved_cs_client     = @@character_set_client */;
/*!50503 SET character_set_client = utf8mb4 */;
CREATE TABLE `expenses` (
  `id` int NOT NULL,
  `cost` float NOT NULL,
  `duration` enum('hour','day','week','month','trimester','year') NOT NULL,
  `start_date` timestamp NOT NULL,
  `end_date` timestamp NOT NULL,
  PRIMARY KEY (`id`)
) ENGINE=InnoDB DEFAULT CHARSET=utf8mb4 COLLATE=utf8mb4_0900_ai_ci;
/*!40101 SET character_set_client = @saved_cs_client */;

--
-- Dumping data for table `expenses`
--

LOCK TABLES `expenses` WRITE;
/*!40000 ALTER TABLE `expenses` DISABLE KEYS */;
/*!40000 ALTER TABLE `expenses` ENABLE KEYS */;
UNLOCK TABLES;

--
-- Table structure for table `lot`
--

DROP TABLE IF EXISTS `lot`;
/*!40101 SET @saved_cs_client     = @@character_set_client */;
/*!50503 SET character_set_client = utf8mb4 */;
CREATE TABLE `lot` (
  `id` int NOT NULL AUTO_INCREMENT,
  `productId` int DEFAULT NULL,
  `availablequantity` int DEFAULT NULL,
  `originalquantity` int DEFAULT NULL,
  `addeddate` datetime DEFAULT CURRENT_TIMESTAMP,
  PRIMARY KEY (`id`),
  KEY `lot_FK` (`productId`),
  CONSTRAINT `lot_FK` FOREIGN KEY (`productId`) REFERENCES `product` (`id`)
) ENGINE=InnoDB AUTO_INCREMENT=4 DEFAULT CHARSET=utf8mb4 COLLATE=utf8mb4_0900_ai_ci;
/*!40101 SET character_set_client = @saved_cs_client */;

--
-- Dumping data for table `lot`
--

LOCK TABLES `lot` WRITE;
/*!40000 ALTER TABLE `lot` DISABLE KEYS */;
INSERT INTO `lot` VALUES (1,7,0,100,NULL),(2,7,92,100,'2022-11-27 10:58:38'),(3,7,20,100,'2022-11-27 10:58:38');
/*!40000 ALTER TABLE `lot` ENABLE KEYS */;
UNLOCK TABLES;

--
-- Table structure for table `notes`
--

DROP TABLE IF EXISTS `notes`;
/*!40101 SET @saved_cs_client     = @@character_set_client */;
/*!50503 SET character_set_client = utf8mb4 */;
CREATE TABLE `notes` (
  `id` int NOT NULL AUTO_INCREMENT,
  `note_body` varchar(250) NOT NULL,
  `note_subject` varchar(250) NOT NULL,
  `posX` double NOT NULL,
  `posY` double NOT NULL,
  `userID` int DEFAULT NULL,
  PRIMARY KEY (`id`),
  KEY `notes_FK` (`userID`),
  CONSTRAINT `notes_FK` FOREIGN KEY (`userID`) REFERENCES `user` (`id`)
) ENGINE=InnoDB AUTO_INCREMENT=9 DEFAULT CHARSET=utf8mb4 COLLATE=utf8mb4_0900_ai_ci;
/*!40101 SET character_set_client = @saved_cs_client */;

--
-- Dumping data for table `notes`
--

LOCK TABLES `notes` WRITE;
/*!40000 ALTER TABLE `notes` DISABLE KEYS */;
INSERT INTO `notes` VALUES (8,'terert','fsdfdfsdfsdsfd',131,147,1);
/*!40000 ALTER TABLE `notes` ENABLE KEYS */;
UNLOCK TABLES;

--
-- Table structure for table `product`
--

DROP TABLE IF EXISTS `product`;
/*!40101 SET @saved_cs_client     = @@character_set_client */;
/*!50503 SET character_set_client = utf8mb4 */;
CREATE TABLE `product` (
  `id` int NOT NULL AUTO_INCREMENT,
  `name` varchar(100) NOT NULL,
  `SKU` varchar(100) NOT NULL,
  `cost` double NOT NULL,
  `description` varchar(300) DEFAULT NULL,
  `MSRP` double NOT NULL,
  `addedDate` timestamp NULL DEFAULT CURRENT_TIMESTAMP,
  `idUnitOfMeasure` int NOT NULL,
  `lowQuantityLevel` float DEFAULT NULL,
  `userID` int NOT NULL,
  `QRcode` varchar(100) DEFAULT NULL,
  PRIMARY KEY (`id`),
  KEY `product_FK` (`idUnitOfMeasure`),
  KEY `product_FK_1` (`userID`),
  CONSTRAINT `product_FK` FOREIGN KEY (`idUnitOfMeasure`) REFERENCES `unitofmeasure` (`id`),
  CONSTRAINT `product_FK_1` FOREIGN KEY (`userID`) REFERENCES `user` (`id`)
) ENGINE=InnoDB AUTO_INCREMENT=8 DEFAULT CHARSET=utf8mb4 COLLATE=utf8mb4_0900_ai_ci;
/*!40101 SET character_set_client = @saved_cs_client */;

--
-- Dumping data for table `product`
--

LOCK TABLES `product` WRITE;
/*!40000 ALTER TABLE `product` DISABLE KEYS */;
INSERT INTO `product` VALUES (1,'Widget A','WA1',9.99,'A medium Widget',99.99,'2022-11-20 15:36:30',4,20,1,NULL),(2,'Widget B','WB2',19.99,'A large Widget',249.49,'2022-11-20 15:37:30',4,3,1,NULL),(3,'Test from Front','123',28,'This is a test',128,NULL,4,18,1,'12345'),(4,'Test from Front','123',28,'This is a test',128,NULL,4,18,1,'12345'),(6,'Test from Front','123',28,'This is a test',128,NULL,4,18,1,'12345'),(7,'New name','123',14,'New description',256,NULL,5,1,1,'New QR code');
/*!40000 ALTER TABLE `product` ENABLE KEYS */;
UNLOCK TABLES;

--
-- Table structure for table `productcustomfields`
--

DROP TABLE IF EXISTS `productcustomfields`;
/*!40101 SET @saved_cs_client     = @@character_set_client */;
/*!50503 SET character_set_client = utf8mb4 */;
CREATE TABLE `productcustomfields` (
  `productid` int DEFAULT NULL,
  `fieldtypeName` varchar(20) DEFAULT NULL,
  `fieldvalue` varchar(20) CHARACTER SET utf8mb4 COLLATE utf8mb4_0900_ai_ci DEFAULT NULL,
  KEY `productcustomfields_FK` (`productid`),
  CONSTRAINT `productcustomfields_FK` FOREIGN KEY (`productid`) REFERENCES `product` (`id`) ON DELETE CASCADE ON UPDATE CASCADE
) ENGINE=InnoDB DEFAULT CHARSET=utf8mb4 COLLATE=utf8mb4_0900_ai_ci;
/*!40101 SET character_set_client = @saved_cs_client */;

--
-- Dumping data for table `productcustomfields`
--

LOCK TABLES `productcustomfields` WRITE;
/*!40000 ALTER TABLE `productcustomfields` DISABLE KEYS */;
INSERT INTO `productcustomfields` VALUES (4,'Custom','value'),(4,'Custom2','value2');
/*!40000 ALTER TABLE `productcustomfields` ENABLE KEYS */;
UNLOCK TABLES;

--
-- Table structure for table `rawmaterial`
--

DROP TABLE IF EXISTS `rawmaterial`;
/*!40101 SET @saved_cs_client     = @@character_set_client */;
/*!50503 SET character_set_client = utf8mb4 */;
CREATE TABLE `rawmaterial` (
  `id` int NOT NULL AUTO_INCREMENT,
  `name` varchar(100) CHARACTER SET utf8mb4 COLLATE utf8mb4_0900_ai_ci DEFAULT NULL,
  `cost` float DEFAULT NULL,
  `addedDate` datetime DEFAULT CURRENT_TIMESTAMP,
  `quantity` float DEFAULT NULL,
  `idUnitOfMeasure` int DEFAULT NULL,
  `idUser` int DEFAULT NULL,
  PRIMARY KEY (`id`),
  KEY `rawmaterial_FK` (`idUnitOfMeasure`),
  CONSTRAINT `rawmaterial_FK` FOREIGN KEY (`idUnitOfMeasure`) REFERENCES `unitofmeasure` (`id`)
) ENGINE=InnoDB AUTO_INCREMENT=8 DEFAULT CHARSET=utf8mb4 COLLATE=utf8mb4_0900_ai_ci;
/*!40101 SET character_set_client = @saved_cs_client */;

--
-- Dumping data for table `rawmaterial`
--

LOCK TABLES `rawmaterial` WRITE;
/*!40000 ALTER TABLE `rawmaterial` DISABLE KEYS */;
INSERT INTO `rawmaterial` VALUES (1,'Belle chaise',8,'2022-11-26 12:49:08',1,4,1),(2,'Double chaise',6,'2022-11-26 12:49:08',5,4,1),(3,'triple chaise',9,'2022-11-26 12:49:08',6,4,1),(4,'4 chaise',23,'2022-11-20 14:25:19',2,6,1),(7,'Belle chaise2',0,'2022-12-06 18:47:20',0,4,0);
/*!40000 ALTER TABLE `rawmaterial` ENABLE KEYS */;
UNLOCK TABLES;

--
-- Table structure for table `rawmaterialcustomfields`
--

DROP TABLE IF EXISTS `rawmaterialcustomfields`;
/*!40101 SET @saved_cs_client     = @@character_set_client */;
/*!50503 SET character_set_client = utf8mb4 */;
CREATE TABLE `rawmaterialcustomfields` (
  `rawMaterialid` int NOT NULL,
  `fieldtypeName` varchar(20) NOT NULL,
  `fieldValue` varchar(100) NOT NULL,
  UNIQUE KEY `rawmaterialcustomfields_rawMaterialid_IDX` (`rawMaterialid`,`fieldtypeName`) USING BTREE,
  KEY `rawmaterialcustomfields_FK` (`rawMaterialid`),
  KEY `rawmaterialcustomfields_FK_1` (`fieldtypeName`),
  CONSTRAINT `rawmaterialcustomfields_FK` FOREIGN KEY (`rawMaterialid`) REFERENCES `rawmaterial` (`id`) ON DELETE CASCADE ON UPDATE CASCADE
) ENGINE=InnoDB DEFAULT CHARSET=utf8mb4 COLLATE=utf8mb4_0900_ai_ci;
/*!40101 SET character_set_client = @saved_cs_client */;

--
-- Dumping data for table `rawmaterialcustomfields`
--

LOCK TABLES `rawmaterialcustomfields` WRITE;
/*!40000 ALTER TABLE `rawmaterialcustomfields` DISABLE KEYS */;
INSERT INTO `rawmaterialcustomfields` VALUES (1,'Hello','apple'),(2,'Hello','Moto'),(3,'Hello','Moto'),(4,'Hello','Moto');
/*!40000 ALTER TABLE `rawmaterialcustomfields` ENABLE KEYS */;
UNLOCK TABLES;

--
-- Table structure for table `rawmaterialperproduct`
--

DROP TABLE IF EXISTS `rawmaterialperproduct`;
/*!40101 SET @saved_cs_client     = @@character_set_client */;
/*!50503 SET character_set_client = utf8mb4 */;
CREATE TABLE `rawmaterialperproduct` (
  `productid` int NOT NULL,
  `rawmaterialid` int NOT NULL,
  `quantity` float NOT NULL,
  UNIQUE KEY `MAIN` (`productid`,`rawmaterialid`) USING BTREE,
  KEY `RawMaterialProducts_UNIQUE` (`productid`),
  KEY `RawMaterialProducts_UNIQUE1` (`rawmaterialid`),
  CONSTRAINT `RawMaterialProducts_UNIQUE` FOREIGN KEY (`productid`) REFERENCES `product` (`id`) ON DELETE CASCADE ON UPDATE CASCADE,
  CONSTRAINT `RawMaterialProducts_UNIQUE1` FOREIGN KEY (`rawmaterialid`) REFERENCES `rawmaterial` (`id`) ON DELETE CASCADE ON UPDATE CASCADE
) ENGINE=InnoDB DEFAULT CHARSET=utf8mb4 COLLATE=utf8mb4_0900_ai_ci;
/*!40101 SET character_set_client = @saved_cs_client */;

--
-- Dumping data for table `rawmaterialperproduct`
--

LOCK TABLES `rawmaterialperproduct` WRITE;
/*!40000 ALTER TABLE `rawmaterialperproduct` DISABLE KEYS */;
INSERT INTO `rawmaterialperproduct` VALUES (1,1,10),(1,2,1),(2,1,20),(2,2,4),(7,1,23);
/*!40000 ALTER TABLE `rawmaterialperproduct` ENABLE KEYS */;
UNLOCK TABLES;

--
-- Table structure for table `revenugrowth`
--

DROP TABLE IF EXISTS `revenugrowth`;
/*!40101 SET @saved_cs_client     = @@character_set_client */;
/*!50503 SET character_set_client = utf8mb4 */;
CREATE TABLE `revenugrowth` (
  `id` int NOT NULL,
  `date` timestamp NOT NULL,
  `total_expenses` float NOT NULL,
  `total_revenu` float NOT NULL,
  `profit` float NOT NULL,
  `UserID` int DEFAULT NULL,
  PRIMARY KEY (`id`),
  KEY `revenugrowth_FK` (`UserID`),
  CONSTRAINT `revenugrowth_FK` FOREIGN KEY (`UserID`) REFERENCES `user` (`id`)
) ENGINE=InnoDB DEFAULT CHARSET=utf8mb4 COLLATE=utf8mb4_0900_ai_ci;
/*!40101 SET character_set_client = @saved_cs_client */;

--
-- Dumping data for table `revenugrowth`
--

LOCK TABLES `revenugrowth` WRITE;
/*!40000 ALTER TABLE `revenugrowth` DISABLE KEYS */;
/*!40000 ALTER TABLE `revenugrowth` ENABLE KEYS */;
UNLOCK TABLES;

--
-- Table structure for table `unitofmeasure`
--

DROP TABLE IF EXISTS `unitofmeasure`;
/*!40101 SET @saved_cs_client     = @@character_set_client */;
/*!50503 SET character_set_client = utf8mb4 */;
CREATE TABLE `unitofmeasure` (
  `id` int NOT NULL AUTO_INCREMENT,
  `name` varchar(100) CHARACTER SET utf8mb4 COLLATE utf8mb4_0900_ai_ci NOT NULL,
  `abbrievation` varchar(100) CHARACTER SET utf8mb4 COLLATE utf8mb4_0900_ai_ci NOT NULL,
  `parent` int NOT NULL DEFAULT '0',
  `ratio` float NOT NULL,
  PRIMARY KEY (`id`)
) ENGINE=InnoDB AUTO_INCREMENT=24 DEFAULT CHARSET=utf8mb4 COLLATE=utf8mb4_0900_ai_ci;
/*!40101 SET character_set_client = @saved_cs_client */;

--
-- Dumping data for table `unitofmeasure`
--

LOCK TABLES `unitofmeasure` WRITE;
/*!40000 ALTER TABLE `unitofmeasure` DISABLE KEYS */;
INSERT INTO `unitofmeasure` VALUES (4,'Unité','Unité',0,1),(5,'Metre','m',0,1),(6,'Centimetre','cm',5,100),(7,'Kilogramme','kg',0,1),(8,'gramme','g',7,1000),(9,'pouce','Po',5,0.0254),(10,'pied','Pi',5,0.3048),(11,'litre','l',0,1),(12,'millilitre','ml',11,1000),(13,'decalitre','Dl',11,0.1),(14,'gallon Américain','gal',11,0.264172),(15,'pinte Américain','pint',11,2.11338),(16,'tasse Américaine','cup',11,4.16667),(17,'once liquide Américaine','oz',11,33.814),(18,'cuillière à soupe Américaine','tbsp',11,67.628),(19,'cuillère à thé Américaine','tsp',11,202.884),(20,'livre','lbs',7,2.20462),(21,'once solide','oz',7,35.274),(22,'centilitre','cl',11,100),(23,'millimetre','mm',5,1000);
/*!40000 ALTER TABLE `unitofmeasure` ENABLE KEYS */;
UNLOCK TABLES;

--
-- Table structure for table `user`
--

DROP TABLE IF EXISTS `user`;
/*!40101 SET @saved_cs_client     = @@character_set_client */;
/*!50503 SET character_set_client = utf8mb4 */;
CREATE TABLE `user` (
  `id` int NOT NULL AUTO_INCREMENT,
  `productCategory` enum('vêtements','appareils électroniques','produits pour animaux','artisanal','services','cosmétiques','passe-temps') NOT NULL,
  `firstname` varchar(45) NOT NULL,
  `lastname` varchar(45) NOT NULL,
  `email` varchar(45) CHARACTER SET utf8mb4 COLLATE utf8mb4_0900_ai_ci NOT NULL,
  `password` varchar(255) CHARACTER SET utf8mb4 COLLATE utf8mb4_0900_ai_ci NOT NULL,
  `username` varchar(45) CHARACTER SET utf8mb4 COLLATE utf8mb4_0900_ai_ci NOT NULL,
  `adress` varchar(45) NOT NULL,
  `city` varchar(45) NOT NULL,
  `postalCode` char(7) NOT NULL,
  `siteWeb` varchar(100) DEFAULT NULL,
  `Avatar` longblob,
  PRIMARY KEY (`id`),
  UNIQUE KEY `user_un` (`username`),
  UNIQUE KEY `user_deux` (`email`)
) ENGINE=InnoDB AUTO_INCREMENT=8 DEFAULT CHARSET=utf8mb4 COLLATE=utf8mb4_0900_ai_ci;
/*!40101 SET character_set_client = @saved_cs_client */;

--
-- Dumping data for table `user`
--

LOCK TABLES `user` WRITE;
/*!40000 ALTER TABLE `user` DISABLE KEYS */;
INSERT INTO `user` VALUES (1,'','William','Lemire','wlemire.wl@gmail.com','123','William Lemire','3915 Rue Newmarch','Montréal','H4G 1G9','givesendgo.com',_binary '\\\0JFIF\0\0\0\0\0\0\\0C\0	\Z!\Z\"$\"$\\0C\0\0\0\"\0\\0\0\0\0\0\0\0\0\0\0\0	\n\\0\0\0\0}\0!1AQa\"q2#BR\\$3br	\n\Z%&\'()*456789:CDEFGHIJSTUVWXYZcdefghijstuvwxyz\\\\\\\\\\\\\\\\\\\\\\\\\\\\\\\\\\\\\0\0\0\0\0\0\0\0	\n\\0\0\0w\0!1AQaq\"2B	#3R\br\\n$4\%\\Z&\'()*56789:CDEFGHIJSTUVWXYZcdefghijstuvwxyz\\\\\\\\\\\\\\\\\\\\\\\\\\\\\\\\\\\0\0\0?\0\VL4\:\\\t\'\0\\\|#~9\\v>\\:\\1J\0lsT*CfSpҐƸ\\1\ȥdCn\p*UB\'\\Jp8\\0d\0*p4\f6*\0暀X:bB\\;x\\N\\OoZyumi\y*\31\?>/G\0\\`;\k\E&\\|Q\\#\v\[\݉O\߅x,k\Z\\mf\\Ѹڧ\#П\^y\w\Mqyq%Įr\횠\s\Qv\YG$I\5E#\9\rUF9zЀl\\Ȧ݀3\A!\\\\Ln\\nb%I\\TH\\'#?Ҝă\qQ\\d) \\\P4тt1\	N	R)GBO=<9\Rnyi\0\\"^/r) u\N\\\\\oA/\\{WJn>s_\\<m\If&V\ק\]D\9j\дT\m\GoJ.%pN*֘\\\\dcv\R(\rzL\\n\@9kf8&k߻\\\gS\65h\	\j\L\3<}l\0߶@X2\iqWn#L\\r\uiN}\x\<T\\$.,8J)3\A\T\u<rI=y29 [\\q\Uwpj\i֭s}pFcU~\cHy9\LW1\h\a`F\\\3\\\\\\g\\\\83~\\\\O+\\\f9&ƾ;\|K;}s\'l(p$-O\<\lOL\\!\'\'\"\\\ldM-83\x\\\\0^b P!\y*Jh=w\O9=qJci\s\6H\\[;\JG\\3M$qS #\\\-K6ED\\I&\\03R\\\\c\\\Jn\\Q9\\\xAC-\\m\f\!#9\k\s\\uf=\\n\z\rç\ 	\Z\r\ci\\\F\00:T2\\J \g֠mP1\ZіgH\*63rG[u\:qi@3)$|\J8[	\#Vd\vܜQ\T9翭4Ȱ	\n?S\\[;x\?\V^+7\*\Z\\6Sg\ymV\'\\]\\03\ں9_{\\#u\r\\"\\0꧙B\gx\RBx\a_\\0\\\r\'%\\6\ܶ\\]\I\Qr\+\%\n\y\|\\O\>!y.&a\7Ǿ\'\\igv\"$D\ErR\NЮ\d6>II9c\B\N0\G$=3\\\:S$x1\Uݽ8\\ `\N)A\z\O q\FF\sz\F\nO	\Q)V\+1<\\n\	\\\0^$F߿\m\P+$w\:\βuChPgɉ_ɀ붦\Z\ wZG\>1\\\3\0L\N\E!-\#;EO\\\|r\\b?\4\jNF)Z\\;T;\}\1)UD#B\r\5е\|75X\Ӯک6wns59Z3X%b\0Nk\aE$j\y\X9`\ٞX\ҝ\`WqZ)I\\:~\"4-b[,=9U\\\R2\rԣ(\2u\<Eq-#y6\\\\ױN:2Z\\I\ׇ=h\\C\x9ݿ<׬[\oseͬ,Rdu9A\e\2\'<ڡpU\B?Qm*U\\Ef\01Ri\9v\d\O\V\ױ\r\\c\2\0%zqOIBG}j=y=q\U%ܒ5\\\j\Q\\S$`YMoݵh.3ϽP\\F3e7f\\f&o܋\0\\Z\}\9\\=\qc>s\]; G|\<qZ\r\\FOS^{\\\\6\tZLO\\\J\0v\޾|\vf\\\\U>\n\\r89\\\P99\LyB\\L\3폔\RrKsښ2>ng\0\yȦ!\rGҜ\HO\\OZi\M;I\Z-\0z\\0,\Gy~9P{W)\\H\\Tʯ+_Cx>\a6NÈ\"wa+sH\3Ao$q(U\j\\"OeF*bU\n\0\Nj\nTz\P\\\T\\0\w\!\nk&U\ʩ\	7J̧s´W*ֱn\ރsW\Zd\C\rr\ݝP \Z7`\0㿽sF<r\0\\\Db2I=EakIoo$\#Ҧ\-\\Zu	\\>VfJv\C\k\'\^0K\C\\?xT`\z¯-\,2\\jF\\\\\\_2@\K\{\n|\'%\\i\\ׂ\\\\=WζKx\\t\x\5߇:\0N7tjϓ\>\"lj\\j\\\0z\kG*3r\0\!08ϥ6e,\<jPH\jKA\\<vm\8\\M>hv̂?*{2\ױb<\\\Vo\\\[ym\<V*Jz\G\5R\<\[Sc##ޅӛ{WTY[n\0\n+K\\C\0WT \\	\\q؞\"3\\_6|_?\\dc\>Ox\\\r\cԣS\\\\+6\$|OjEm\w3R\F;A\U\\\\Z1\\y\0e£l끟΅pGZ6kҟnl\,@{#>\+q>W;NG֦r\cy\4\U\\'\E*=ym\dT\\zރ(T9<׍	9J\\\#S\^uv\;\YB\'*\\6n\իѧ\$\b\70\@\M\"x\ğ1Yf8\!WoL\n\\9}{\?	o\t\7\ A#pa?\\5.WF\65SI\~\\{\\\)|-:\Pm>\_\Bqf\\0upOkˣ<?u\Rd\\Lѫg\ֆ@t\\qt\\\M\-?\\\m\KtIi\' 4!\n\8\H\=49\\_,U\}I\lŕȒ\'\b<[-An\\}R\L\|\_\\8\u+4d@6Q\zNVgK$P\9;c<\\\\r=;f4\'=z\j\5\\\`\\\Z˝ܙ\Al|9}\ǥ\\Y\\n\\n\Z=Z\v\V\\\\?\߁\䚼ʿ\W~\7,xG\\{4ExU׭h\EyJ\d\G\IǧV0\\\ZԸUڪ\Sv:\M1\\n#Ƈvp$D\\\&`T\Њ\"g\R{\=(K\02cQ2G5Uʀ\B\\+\&k\{+/\\\\T3\<\\GV?gx\\06\r\\0\6Uu`񏷵unN0\\r\0	z\\y\\rs\Ԩ\\"qX9\\"\%_3\j\\0݃\68\"q\-{I\\K[\O`V\8+\\\\;\=\\\"\\\׃xúr\!\\*{\\2\8Rj@N\\0\\\_\EB\7\^橙XF\\A\nv^޵\<(5\N\r\\\0	\\\\J\+KA+\y\'(־)\:Ded\\\F\\ӭsZ\jwZ<\\\n\\n.fd\\9\\i\\(ʈI4 g\\{ן2GZm>S\\\"Y4y\\rr\\j?N\\\kwd\\.0\Ҹx\Pּ\4UثjY$\88WcYՀ\"P\_C뢲p\X(8\mYzM\0\$6H!\^K\VWT) #\4;6#\(xx5\l\\\Z&B˞i\\m-\NU9[\y\ƙzVKkwG\"F{\}\g\^܃>C\\4|\=״\\Z=\\n䪌:UmKH\K2~جjя\\hNZ\sV\mmF\X®Uv}+\\4z\<WS\\\q\Ҽ\\ژVq8\\Z\jRnbaPR\\5\ټ\/%\ZFN%\?\Z/\i\6\cA^\&xN\R\\\\\"Qa 3p\\}+\\\\V&\l\s\+\^6v\\˓?EA\1^\\"|B\\\\ֶ\\\\\.wqnq\-\.\\ItN;{P\0r\fjTU(\\<}2o\;Μx\ӵh[\oun\'$\*\rVCy\hB3&^0#IҨ8\0\\:A\RU	ʧ&LΔlrc\ShN\:b\\F\8\B\\\\P\F|\\\\\ƫ\=h?\qϷս/ʹQ\ֱ<Z%	\\3j]JF_\^>h\\ˌ}`w\\~\<\96w\0f\0pk[@<zUq\0UhHa\j\.ʴ!\\ gjS\,5Kfx\\\E8RyeRW\u\^\':y\7^Vy\d\\Z\MkZ\\DKҾ b(qI\\\r\\\]Op˃S\v\Ax/;}+\\[2\\pIg\;߄\,\k-\9:r*w3>j\Z]\n_g<A_<q\\\aĞ\\\\\1H1s\\tZ\|$\qc7\OvZ@\mV\`WV,֋c֍5{s\gúw`[\\\\\0u\nGrB\G@?_jЬZ\HZ8\Q\떞\\Ǜkg\r\8iWMDb˚\\\\\ra\w\0\n\;F71[7\\;!*G;\1 Wi^0\59\\t)\~\0\XM\ⓨ_j\^ܼ-ѯO\\5xlC\,ʦ_*=\~\']\?h\#\n.4YDPL\FT2;)\\\40\hv\[\\$QG\oĚԎXsץpNi\\Nw\bZ\\\0OyƩxfnp{ַZY/N\X\\Zwnե*\ڃrT\\\}8x}4&\mԟ\bG&1\~?|\\\\\%җ;g|\!-_pX\Cig\r\`*?!^\\Z3<\\d\%?k+\#V\}\\\\\r\|\\V:\\}v\6cI3\\0W_C\\M\o<lL\\_\,\\;(o,Y\r9\lCd\\K\Zǅn6\\'f\\\}ǡ涅şUJ\VR\\>\?\\h>\'\0FXnq\A#ma\\+}ڿ0-Ut\3nr\\A\ک\ĖB\J:\r2c$\Y\Rʹlc\0P\\"\݁Qx\X-ڞ\Fի&Dd\\ax\T\\9?\.b3\0L)\0>h`͌}\\\\~\c>\p}u@C\r\r\$Lۈ\ۑ\\\j\\sVSUnCep\\mm\"R@\.J\\r\ӰO0\T2OZuU*\0ScStH2UQہ\L2C(\@2r\h7QԬ]\\s\޼\\\\\ڇ\&\0VL8\\l\V:rzpkVVч\:O\\\\T\\_AZI\L]\\ca\>ԬrG\\cj6\$\i\\\BAƕ\n\kB1\\\\i\~|cnxkQ`ӴDR(\~X\p\0W7/t\vOg4\EG{\\h]\V}NiY$\7A\cV?\\\\+&\V\ֹ\xvf\\\\\˅prE\\i]܉͝]\\.w~=j\\  \XT,gq#kW\V^\"\m\\D2O<ʁG^O+&\H\NM~\\6\$w\\~\\?\姅|)cY \\>c\c\95M{I%\T49߉~!\\\5\^{Q\禯y6{5܄f21\ӿ_,l#nf?j\`8Q\\K\0&IR\e,x\\UY\\\ɫD\\X\\\̶\\\\Y	,ζ\\\0$^\ov̶Zꉡ80\\\^H\ps\zi;J\)3\3V\uKQ=\s\\$dI+W\:uM\Ͱ2̹X{\\0|L\\"\-/@\\\,O\˹Zgy4 \;\\0\\/F\KֳHYu\\\\\\\V\.\\.r?\\\4.|&=\\򏷵u0\p\'ҹ\?tLg<c}RB0\<Ռ.ږ\!G?Yjp8\g]\d\0\!#\;`Gj\Z^H\j	\\z\	+\OXґT1\O-x]\y\W\\"\TrJ\8\\B<t^ޤ\0 \_nѶ\*@$T\F\u\0U8r\\gjϱG~(}=]#\Te\G_PF) e\\#.yܠ\2izsɖ \0\?ҭ\\0MY\n0uI\\kcR\փ\\H>@\\~7\mY\\>)\\\_5	\\k\ Fp;לm\#i\SR\k\{\nnkN3戾	\_ZĨ3$5\\\\\\\5}EִA>H\S\k\\oZh\_06\r\rֽ\\Z\4Z\Tw`1h\0g>d{\Z\iQ\\ƞ\U䣱\\ZH\nrzsTV\G\nu+\M+{_*|-\ϋoErM0L\d\l\\s\]\\Y\+;v\séPF2MoF[#*\&\>p\;\\0X vUs7r	dFҒIw\";\\b\\Gn\H\h\fTo#nQ8\\{I\\ّHZ=x5&\j\\E\t*Mgܬn\/\Z\Ğ\0}g\\\\҆5q	S\0\uvA5+2o\"\\0\e\\Ǯ\Ic\\Z\|y2ŧ\\覯n9==\u=2|\\M\ƥnm	7\?\hcl\\]\8?\\\1\\1\ں\;\\|-\e\0\\j2\0x\S8_jHF\FGJl\9Im\\,Mo>B\qI\\sV<\0\rTPs.j\`kDAf.\9|; F\S\s\֬ɀr\0\\#\U`įLzGʽjF=8}i \\h\\`x5n\\͚Ӏ\Uq\8e\y\;}:U\ UhT\85z\\82cf\"8>\0Q\5\\\}^\\\\\\\w\\Z\mσb\$-3\|\4e\\&\4\0|\r\e@4\hR\?+\Is#d\b\\\\g\L,I\\\9u\\\kB/[\\gG\\w7;CE\\|j\\}%w}n\`,p@\8?u~xB\0Q\\stwQ$ו~\7\?\/\Z\$_N~u(:V]1\\\U9ao@N\ڧ\\\*\TbC\Z[>\\\\\.\v\#9E\'\c\\\\I\na@V|d\4\Zģ+\:Ծ[A\\=y\0\T2j\n\"\\\m\cb\\F;\zwk\\I6c\85/).\\\5\03sFI\V/C#dʎ}z\c,n\\y>:_D\*v	\H\r\>\c \F?E);j}%\\\Esex\\xa\8\\|.qj\\mC\\\:l_Ft\\b\\9\h\nA\*\R(PҰpgw\Ҭ\qҪ(\r.qZ.qӭR]\ɢ`\v\Va\ݸ1\+1\nGS\ZQ0\n?R.&FNy\\K!\v5BN\6pO\0^IiORGOAWr,MnqU=<\Aps\\Zy\\1\wc޴\\Q@<ߵ^\\$N\y\\<֍y `q\T\8<\HQ\\'k6r\,d\Nkͻ\0\9\榌RF냸c~\n۴l\r\r|e\\\i\\,J\̌\?\i\sCШLv*ջ{W\\\|\4\{\\3\p5y\2 \^\u\%L[\1K\3\\U\"\M\\BlC\k\$\\rҫ\O]?*⎢\\alq\h\0*/\xԭeAdbp\c\\?ȃ_\"\y%\{.\\.\Ku&\ֳߘ\K6Fy##Ұ-\Yfg	NH\үϰ=ϯ\\\m\ԶzL\\j\3&mj\\j\c%F>*KXŽ\w\Tt؃ɽ\$\SZ\\V(\c\li\5*@\2<⠺6*\ށ\"䃚xbH$\ޢ\3\O\'\gR\ZBw\\N\z\xci	\\=qAI\\`<.?\\9\J\V\]Nr2x5\|\"`|=Sv\P\\\}k)|GLvip\\\9\\ZQ\`H\J\8x㊹\Mn6C\y\,2bj0\\zԊ\\nU\n6;¨\G=kE@\\\X\FvSVc\A\Rv&H\iA`:\*\Fu\e\\dT\95:\\\0\Uq8>wJ\\\$)n1\^o\xK\G0\яzJ\.\\\\Wx\続\(\;;וZu#-\_\rN\:/\nH\,\-fp$r3r9\WT7\-fydb2BOnq^C\\\j8n7\n\6a&\zUC=j`b\rYҬɴ\@8\\\<\\\r1i\\\0H6\0|\\\n\wj1_Y\\K\RIe#޻)b&޻uhEh?G\yO\\\\OOsl\H\Fq\\02\N\'\\\0\\FUQ\\z89\\u\\KJӴu[\T>c1\tB\CX\\\\H=qT\e \U\Z\vw^#O\0Gs\0g<~Z\D0\/\\*ǰ\>2G\^uvDis^BzJ\'\k\\	FI\Lu~;\\3pH`A$~5\E=~}K\Bz\Y!Sۊ\<Qr\ءQ{\0\\̱Ąu&yƥ,3\I\\\aørE]P6#\\\֢̈Tzv\T0V5V\V0&\28\\˗\q\3ck\\\\b \ÿqN\nKl~U!fU;yc\R^%\\Qnmޝ\0	\\	\\\AH\\xt\rX\\\(da\0׮/b\~b\\0\[o\0\\WTnv<\R|\LvGZ|S\1v\O\\0 \=\֦P`\\*\\PJ\N2j\_|<Oƾ`KsO(\pj\\\\u\0<\\t\01zxq_$+ᙹ\rHD1\OW>񎁍PsT\@\\	\0hW\K-\\RW\\	Ci\d\v\'c\-Ě4ڜ>No\7sڲ>0i1[\i~ɶ:w\KuxnfGV\\lQx\\Ou\\E\0r:\\s\#ϩӆ\-=N-4侁O\q\\mX\\\j\O\s\0+\]CR\\i\ Go@;W!y\\\Z.\[+q\\\s\Zk\zo\#V\\\X:\ͷjڌ*!,[z\l;w8\\T!m>srw=\\&\'\1G2eo\?\\\KE,>\\caWq\5I\\\Z\\]\`\cW7[k6\\OmialeX\\W\c½S\畜ϗ&\'~\늱H\#pj	\jT\&0\\\&L}s\T\h\_d)/\G\	3\\R	W\`8^H\rq\XypG\kO\,\\\w]\m\A(pMTcʂ<ҏ65VF\qKwv%P<s\S8g)$ .c=\\,4\\\O9:Th(\\\\'j\\r>\\\\`HϥG3\E\F3#\'F!\T\%0\\A\7~\#m$<\\\Htt\?6U^t\ESe\0<)y)\\\\\\^\Ҵ;s\B\U\Tgڂ1\>\\0\\i\(f\0P:`\JG<\nIW`9\\Tp%m\ϥYu\9\ؠQq\u:jt\n\\:qQR\0\\OZSj\\n,-\B3Vܐ!H\0v+\rsEM\)\E{jj^y1,ǫi\ny\\\\ns\T$\rמ\0\2^[K\\"|m\\P\\\,V\kۍ`Ǡjn%\"nyZ\t\r2\CG9mq$\,1\}sUK\oDv_u=SA\\	x<\\n\-\1(@?J\\\4\e\_K2\\{K3O\\y\\\;\>}Z]Aԥ\\\\k\y]۹\'[N}\\]=@\4\\5\^j[vXg?ʳ2\\\\O\6\Zl\\ b<\Z$Cri9^z\~ӗZ׈\\\>\\Jð\*\nv\PDKoRrz\y\\O\\\hDx\=I\j+d-\\PA\M\"\I\ɢ\+H\01\\"\'9\'#s\\4\X\ZQ~,(\I[yA a;d`*\R\\\JH\'+ҎGf\\0/(vX\r%\i]XK\7KAg5(rqϽFeiH\0I#9\KPqۚq9\Zb\*\\0zv渓\?7N\p?\Z\mĀMbXfe\Z \ƪ\0BF}\c\`Uh$`@\,	n# T_QI\'1ҵ4\RZ\cVD`{JbGm&+\\㕴$\.OBOz\\%c\3N\c\/5r\r\'\u0\|\P1\{v-\]\2\㞵DՔ\6\8v+φ~prpþj\>\)>U$Cg;\ ubb\I5\h\7G~xUnBc\\;$\qqM\'V܄\늻L`\4\;\{\\\)\xv쓧\VnG\\PMj\\\$bf)\Qaܶd\*0O\Tr[\u\js P?Z#u\qi4sGJ\2\q\ҫdO9\W!#}i\r&JA\ny\Z[\o\'\Q\?).0,&>OJ\zgO\\\Z6\\\0\y`ʜ\<9\Ȭdٺ؍G\\ӺrOjrt\u\ \\\Nq\Dǌ\NRh\\\'w9<\1I\w5\"\qր\`\Gi\L\	9\)\I<)\$:Ա\r\A\0t\S$k#?\b|s[\s\\5x \\r\\ZiؖSF\H\֬Ilr*`N\eN\\\\r\\A۸q\N	=-\r\L2yО\ۻ%\0\n\\zS\\qU΍B\r\H\0OZ\cp\z8T\+2\\Y~`skP,I#\\<R\ŀy\E44RӮ\\	\ZS\F\c\ڝ\\Nw)\IkʪH8)$g\\f\6\\\nZt\ҔO\\Ԝg?֨\+;\)_@$g.py$\ \RI\0\A\n&P\u\]T\\\\\=\0^&R`\Nӏ)YL3ݞJw1\\L\0J\>\'),(4,'cosmétiques','test','test','test','test','test','test','test','test','www.subgenius.com',_binary '\\\0JFIF\0\0\0\0\0\0\\0\0	\n\n			\n\n		\r\r\n	\\0\\0\\06\0\0\0\0\0\0\0\0\0\0\0\0\0\0\0\0\0\0\0\0\\0\0\0\0\0G\?\8dr`X\kt\ҝzON\\\z91i\E6Gl*V\YT_:df\KE(\p)\\"@UCQ&u*VjSOXj5\:_C\rk,شα泦\/o\\ɿ?y8\|\06\\ɡǄ\\\Ja>\_\Zk\Nvre才T(ܺ[2E/]SA\=~}\\V\\\{W7^\rd\k`;\_\\n\_EWWn\\\\zt-Ӥ\\Z\:0hust^\r)bCQ+ӔL\ʴ0\Q	\\˺B\y\K\rXl\!˛CKM\f\\x\x\\y\^^\'\4[xLt6FΉ\vŭ\&h\R#뚆\\ٵ\ibUӠ=~\\\^\\un\nu\:\\\X\5U\	)\ӥMү֯ؿewoN\\\\ٺl6Ml2>h\i\\-B(\Թ.\Z,SJCG3Y\}gU4u	a3S<u\\k46u\Y\\]b\\2o77\\ro7\\\y\\\{Ğv5\\&4x6NZ:\K\R\l.:N]`\:\4>װ\\N\\u\ލ_\\C0P\?8.=4]Qv\W\A7kV֣{7M{&\\\B\\\K\r04AE1\%\V)b[B1u:_XڳJLj6uғf\-`o3Os\\O\\|\w^\cC\\8\\\"\l\d&6Nz\T\DY\u	\[\'\\"\\M\}\^\\\;\\\\]\nW*TLT\\u/֏z\h](Qv\\7kE\˽_\\S:\ɡThb[\R\J%U.uqe2%8\Q\Y\\gY\)6ԧ\4G5)~\\\\p?\\i|\\	:\A%\'=\\\3\R\\L\G\#\\r:u\\}\ת\}>\z\MwXu\\ \x{\~}nZz\m-ڋݵ\f\kLST\\MǑ\\]/\E\%\՘*I\\\)\{\2\usU5jX\\S:I\7+:\Μ\sr\b\_4||<\\\\\\\\\,\!,5u\\NYP1\G\\\^rl\=7F\h\~3\+֯ڃǺ-\vmSz._ͭ7Mh\\\4+d\\̅4\P\ҒXPZR\\\\)\\\\ZnL\kK\\\Ff9\\f)\՜\;4PQla\?4~v\x\ϟc\MgA\\\\\\M`\\E1γ\mp\i\\kӉ\=\\\\p9X,UZ)\/\|i~]hwt\K\/ڏ\}	\mjc\!\Z&MXY\r/Ru\Z\,*.J\C\.\<\\\j\Ɓ&/Vk\ZAy	协7nO\\\\n\'\\\'(ϵϥ)K\\_DQ\\\ю=-\'\ߛ^\W\\\%EV\0l6L{\\|%h]4\t\[_\\קX\\٭4U\}!\\zJc#,\PFUD$,-*VQcϙԎ{\\\3-d[5A\w65s|\C\ͯ)\w^\\zI\\Lj҃}p\\{BVi]md\}Z~\B^\zR\r)\jEWAU:	[\W4.}-.ؿjӤt\kDFBZ1-RT\S\UB3)UZiQֶ49;\lΕ%[OM\X\Ye	D\5\a>~V\eo8ǆd\\\	\Pt䧧\U,\Ʀo/\\3\\\\\wK\\\e:D#.d5yoVz/\Eh=\0\\\A\@\vN\E֮\i\H~Ʈ[3Š4h5 CfD*2\\*\Ma˥5\\\\򪻨\\=^7]a\\k$Da_,C\\.|pܧIhmu⧣ο~u\\ygl\\m:G\\C\\\\\\n\\rW\l\'(\K\ee\\C~G\-ڇ\=\\-ڃ\MWN\\\ra\ѡc\͍A$,(Cx2\45\\r\'h\ZQe!\\PS\\$V\\\ǣ\\\\Y<\h\yԼ|\p\2x2o&[\e\ե^Jz<\w\]\U\\\|Y\e\\\w\\z\w\\~;vKT,gBRm\Z\\\q?\ҋк@v\ t\^5\ZFi\z\n-$\!R\K[-V/\<Цc\eF}٘ɋ\[ηk6h)k)(EY\{M\\IV4İZ\3S\\o~;Ò0׏3ll]9\\\'\\N\Ϟ\o2\]\\n{\\\mۧu\zh[,PC%Z\=645O0\0\\A֏\\_\E֋MOMGFGFѫA\2M9.R--W#MRn#.=\ \%M{\\\\5(r%e4\v\\k:\3GJ,e(\Vc.f\s&/\\^hrLaOGOv\=Nh\\_	\՛\쯳\/Gqv\\z\qנ\n\ri=A3\\A\\rݴ>\\m#\Aj\]JY{\"Kmb\\\\3:X,\\а4I&9f:\z;S:V(-!KEI	>-\\6w\r\1\O]plZ&t\\ZNtRu\ޟH\Wa\\Nsѳӵ\r%IWU\25F.a[Cߒu=(\ij\r\\n\piEVE$AJтJ-\^+SF)+h\R\d\'Ke6V\<\\9\L\9@\0\0zi1~<\\q\\G#\\L\\i|\rΛ+IS\\^\\\\\X\\\\\7^syj*T\`\a\G\rݨ:r\\*4]F)\K\ ZeRX\y\\~阢ܥYb屈u\\k	tX\<jRsDc\ft^Um{-P\01307s:\35<\\~]\r\?q\\0.{e|\\4\&\7Mn:\\/>ߪ}ߪ5$P#\\prˈK\/\@\\ҝu\:\\z-:Shj$-\'BŌA#TX4 \*4nHJ\\Z\Μ[:@ʬu\)\\\Q墭Dת6\ʉ&AI\\Z\uQ\\s\Ǽz\\S<E\kg2\\Z7=t/߽z\v\\\\"\ubx\oDAO\ҋ\]Pv\A\J\\5D\n24.IuZH`\DI`W-hQyJe\\\06\?t}$ם\\<\;,Ja}\\\\0\<тcYr\ήxs\\.\rx[\\\\D\\Z\uh^\rć\9j:pu\GR:D{tOD7\RЕKR#JJ^K\?1\\b\GSк\`ﵽ\nt\\\"BFF	8H8(VZ\\FuKLs$zWX0-oњw7\^w8R\\dc%>py)1)T\9\n\:۞\q?<\;nD1\i\"\X\M\W\\\\G`t\.U\\\3ztC{SzZmR\\Zq\h\&\\_\CݦMZt\:\4KH,EB%lrZER\ŚH:h\kMJ@\iA.M\u\\\Eě\\U*$~k\\4\\yBTMef\\l9\\\\S<P܉Y\\\\и͹\\(\\^\;u\U\\N\\^O{S{[\5ڵ\NjƏ\2.7k__\\w[	[9,X-\\4\c\\AZ\n4(\\!`\arQ3I\"2\?fq\s\\b\W\j\}P\l`\O:X埪Bs\\\\\\\K\\o.!5\7\\\w\|p=P\\z/ר:\\ebSLLl~s\\\cއWt]jm\ޥl/Y!z-RB(ݎ\\ƬzF\nKcR\ErQhRT\IJ\BT\\\l~d>AX\@\Z\Y\\J\Ȧs	\\2c>1\\$\6\?,o\o-i~Wuv[euN\An\T\be&\q\\t=6>5\@\A\@\u\M\\5!\eI2\E\\:X\\Z\n\\UQK4je\n\p\,Qd\m`\"\"ǭ\\f.&~xg\\=H\\^ZM@\"F|ҹ-g\\͎|\\\\0\\<[o\$癠\\_J=#k7\>\{	\rb\\\c.\\\\ǽu]\t\z\]z}:\\rė&.4G5c\<\ik8\k/*3Y\LK.\욆X\\\&sz\ni+)\\ֲ\	\4rx͆c\7H>\\ileBtҹ\\\\>\81c\c\"\μ\\p\n^y\ޑ\\SQnӨ_09\c\{?:\{\\kT\Z]\נӮH\h\\ HX8\2\.\.\4ͨiX;[:Ε|\]\\]\#L\3\-i|ٳ\2	~\;Nm~zXW\\\ݸ>v\\\\*y\y\M+7հ-IH\\"\\\t?.\yU~\t)\B/\M/\73\\k.\\A\b\\u]j\b\Ǯ\\5$$X\\b\`m4lйsYb\jXf)4u\/_^\_2<eN\\K\'MK=?lk\KF_t\'	\?\\\s*V\\^\Zi	\6U\\:\Zƍ\%*\Jʶ\\hmɢ\\\\k\\V^R\\1\s\q\\\0[ط]W[\zз\z\,I%\\\!t\"-X\2\%\nYY\J\[^_j\]_:ǒEϲi\\1MM=c\&J\\.yע7\@\'\:s/N_E4\"\=hA\\ix3:w\Z?L\YE*%*\x\\+-Z\]QZ\\8Y\|\|\\dK\\}6;kT\=l[кtN\\LY.Y$%FgG\m.JJ*Y\\\\vo_n\k\\O.\B8\hm\1e\R4\\?Cgz1\/_LsSJR|\\\5\c+%\\Z7ld\1\\(%MM=gZ\B\5Z:PJ\wjWH]hZV\\\~\\\\xF\o\Zs\\\\lz\\i[.\Ҷ\}d$ե\,Q\eCYU:\\\\;:\ns\A=\EO|4)\\'Һ_Pɮg\Ro\g?C\Ģ\\\ozA\C\jƞcFek1\\Xm\"BܺεΝ#(\\0\n*%-\H\\\>c~S[\۞}5\m\\\\\\h:\=꺢\Ž}\`\қ\m\XlՂ)\˝\Z\n#.t\0,g_AW\(\\\\6<yD&t\3\),3QBfߣ\Y\\-\\(ښ>t\;+\>\	|n|.΍΍\ch\Vi3=A\.J\ɦzoǷ|[{ɷsϧ|c\ˤ\L|3G\C\b\t\\\[\.Ӡ:l=u\+%\X2N\r\=c:\\nt%*\\ZE\kA->bcb\fm\\r\Z\=Y\<Ѷ\fGOL|yaֱ\gBgM4&0.M.\0Yz\HҳMrD\0YRTeFh|\V<}\\\\.\ѸVxW<wϣr\\\zh]4-jзol=:-\@\X%d\.\rX\˶1eʌҙ\2(u4zK\p\\T<\-u\\E\m=Ǳ\۵\jVj\\R\Ss\\C\\_=05	fm3ε\rGPL\\2\V\Mct\:=\r\\].M*R-|cǦ|{?gˢ\\\\\\0.\_\\\z\Z\Zkb\ŽEmn_\^^$K\\ aj\nX.UfΔ1\i\\\\u\	^n\\\\<ұ\ͷ\\Y\\\cZ\C\FΧ7\\^%r汷q\\\0J0\k.TlY-F\ZG\uJ(\\զ\\l=ɳy7nܵ<i|\-g\~S/ɃҋZ\.\ku\;j\z:Ύձŋ`=\ZK\\	V\R%\F\\\\ӬLұj\U\\z11\Hu[\\g^T\\\O&3Y35.Ʊqr\p2\M\\dMfҢ\%\\\\y4\e\\\C*o&\\|\\\\8\\\|W\P\кh{\\\B\@t\m+\@騶\Z,DZFу\޲RH΅/Vu\Z@h\eьV\5<湢\EJ8\\K\hF\Ηs\\\_\'>s\\\x9߄\˲a\\r\\k:iPMdgYsYc\;&\c\	VMRT~t\]ɨ\{\\Ɠ\\\ҏt[\\\\]-\J\\\[K\\\'KQ\Z\,KʜMQnQ!,cSV\\52&:g\$b\\\c\Ϯ\\\qs5,DZ\:f\><\5\\XTҘ\\W\\Y-\r\n\ܳh\\\sU	E(\\\rΣ:)ˣêh,/(*\#ʶQ\G*<L#O\J.\\\`륻i^\\MQ\TXk:Ib\b\\\22j^T5\&6:\f\\4\YCf43V\\ϝZf;]n3\1}t	E\VCFa5\\6\f\g\rye\n\\˪Ξ\(\\dMf\AX\3rŌ\\\\h#cH4]Q-*do\|uJjz\w\~n֚\./\u\\\ŋ/\\\+I˞.\Z\\\"^\\\E[\yq\$=[|\^\\Z\\r.s\t\se\\~7/Ϻr\ۏ\\cx\\\sY\\\tצnGfTmeF{JJ2Ãz2\9r퍣c!\\\UV/-\n%X\U6\\[\:i~[MWZ\\v\\qĖ,Z\\1MX\\Ur\\h& Y	5\ֲ++WQ~{FW\\z}:\\\\w!\\\G\\\\\'\}8˝ٽt\\\n\q5xܭ\\yqW1Pc7,F\edb\\,YjP(eXjYߔenm/\Kv֫t\^M\\\J\\-m\p 5\Tc馦/*D\\gYZ\<\X}g\\N[\\j0iq\>ٯμjMh\xi\<*y\\6*.d!b\X[.\8Cr3)(A-R)UB͹3!\E\B\t]&/\Kt\7V\$b\@Ö<Ye ҹ\M4J3ZK:țɀo1UQ2sC\lk\\\gWYʌU\1\',\Ҳ\d5(sqe\\\\(քiKjfʈpJ0\\˷,k$\n3!\JR@\\X3?/\H\{\\K\\ku\\\4;^ZNX\\PT^U`#FLp\@IK\Z\\9WΨ\\*\\\;8\\76nDi\n\\i\\\z\p	=\s,)\|\y9vѵj\.5))q\9sr\\lbUE֤,+\\띨=AoB\\kt\r\mn[z\.)&\\%;NBjZ*VҹظԸ6K\\󬵥ZM-(\FC#>\\wZDWO\\'i\"\\Mejg2RTyט󪶳{W%\\y\q\B	h\`\\\Yұ\:3U%\2ʌqZ\͒5+`E7\\r\mnW\\[\\%nZ\F%\\\Z\cQ44\Y\bo\"PT)sVxَOGq\mOw;Zi2R,\\\yɰ\;Ƭΰ\f\X#t\bl\ZрTM@8n\_2j,Z\inW\\\A\ŭ\\G\\X	L\rQ\^-@J\\6\-\\\Me\;BBg5F+s\-4X-ǴmE\-\\x\\\*\*nw5.\Q\5H\2\J\TbƇF\"\Yh	FB\b\0X\\̲EJZ=\륺\z\m\зoB\\\,\b\d \2\ZAYVD_j\e\R3	\9-R\\\Ϯ\k5)b\R\B5gX\pxGF\\\L\38:5EXI\\`ڑaQ\\XK@ɨ\0)\\\@\A֭\Ku\vlз\R\թ!e,X PS$r\\Zjh2Z\ZkY[\E)L=Lmf^ H#d\QH\2Jia\β+ǚϚ^\p̾˷3HPiYe\Z\\z\0\Һ\@\V\\n\-l4,5\\k,J\`h1r$\Z\Z\	{%Η\I\0D%\e\\Թf\[Y⭺\\Ƕ\M\\\\H.l\EPKv\ởEc.2c&k#:Ϛ\\\ƓD\G,\\X\&E%<K+J5]EYBښ҇]-֯\@\oaޖ\\\s\'-\\q\U䤣\I6]3T3PhN5n4uKͶ\t,\[\צ\\n\bꅵSDVgFZ\\r-h5ع\.*\jEKj5YӰu9\nT1Ax^/\'\\\\h;u\:\h;\wu\7uZ/GE\\\CjbNY\`rS7:K\r$L\ke\#B͛m\ќ\\Zm\:g;Xn=67\cYZ\JQQs\TU5kYkSJ\FzL\|k\Uķ\:%3c(hX\,][(\0\\զ\\W\A\`\\j\a\[^[Y\'.#EEf̼\:\UVT\n	ʼ]\\ܰ\W\Z:\\\Ҷ\d\\ʩ\3&jf\\\\\\E\Y)JR:f\\\\gYwYѶ\\'y\w\&jCSh֡[dh\IaLrІn?\U4\zh=(o`ށzK\k,qf$\jfW*5iJ1\\\H\\\+e\"\ܸj\bOB6A:Ж1hUN\L!KHzʮ\ȅ&=lk&Cy5+-\\~\*\\JB*xo\\St[\.\t\r\\7jZ\B\\%l[\b\ttf8jGlf\\\"Q(\r@$6mJY\f\\\۳Eb1\n=6\ i	%V\\DLs*)\n\ۙ9T\\\\\\ƸXXL-\\/5\8\\Je\AE	\~\'ZK\BT{t;E`\-Qj\\$\Jݒ*Kf\\%EJEfJ%b\Zl\.\\ƜMd\\C\0غIl\BzNF\\7fZ\rT4nl\:x\f0˴J\l˨\\6\y|\Z\nY)(wC\:l\r\jt[\e6\nYld\r\u\b\S%	i)M2BLƲk\\r$Keif\ŒUqe\Q\"ʥ5LW,%cdR\]Fנf\,ff\rX*\\K-Ü\\\~G\\b<\\9Z\`)m-\Z\4\h[z4\MJY/D%B!VJc.S-i%)en\FiQ\wY4tV\FEU%H\\\輽i\\\СKgʈ	аB!V\v^(g\\\uΟPkz\ɍb\ZiZ\mT:\T=Q\wCn_Ir\6HUT\J\\Aj	\0$0QMrVՎ\tW0d\@%`ρh\"F\eayjY\0}\4\\U\\"lSҡ`\\\\s֧-\g\\\\SrS\\=\\0-\\*SA\MQ\\Z=)t:\:\Jj]+\\K,\\\\[\\J\8*\\iL\\Z\x0X3!VQK4M+Z\\#>U\\\i\'*$*.hՀ4#Ci;\\_\3\<]\U+Tz-Qj`\t4]-\Jz*NX B!Y@E Du&	R\Z\P@\)\rU\\\\Dep1eq%)YY\J3e\IY--\Qk1]Ͷ4hЇO\f\\sؖ\\9\\7>~\|_\b\]8M\\\=Yb(C@\`\~[\\{N8r\\%\u2\0S%邖uTX\5#8\+MDॕr\Ai\e貲\\\\Q]i6JB\\ISZ\e(t\\\	H^,oY{cy\ۼy\J\?\*n/\\\t\n\Zc\м\뿑zw\w\\_C~o~o\p\QE\rP\\K\ҝnz.ӎ,q$\\M\\z%@2\"EA;+Fl\V`#]ll-ue\\.\e鐵.\HIȺ\g\2N%l5|\[k%b49\\4]\\\\C\ʿ\f\\YM?\}`\\"Ķ5|K\6֭\jv\z:\z\:\"qb\\\d四\\n%zS%\Ւ\(>㋦^$¥\n#\\\r,7s79\\ᥚ\:牛\\noς:	5\)UFA$j\l\\v\ML4|t8kk7SAⱦj\9Ǡo~\\0$\0\0\0\0\0\0 \\0\0\0%i\{x\\X4e֔\2\\n\rgӡ>}\8B\X-#[2\\s/V5U\'\\ڶ\p\r+2p6B\sA*\\D\q\Y\=]ފKZ\\Zʹ)>dY}s\^IsTRdn*I\F\\\:*G&~U$\i0;\'L;\r\r\/:|;s\ۯ{\~7>5\\0-_!z^,\sTO<*x\\S;R\Wz\Zq`]\Z2\͕M\kS\쮔>MJ+J}R~	\\U>\\I\)\d\ƙ\x\=\Z\\\\_X\U\n3\\\\0\\\Z+/\"<p\UC+_%\cBfʒm/Zwvkm\ܷ7מ\"UC\ngx\(S# *L\8\yȣh\\\\{\Z_M5\\\\NMѠo22;\\!+z\0Bz7<RrO \Ry\k}\K}\i\%Y܂a\\\&\'ʐ\n*I&\\{^~\fk\Ωb\r4b\\%6\vi\Z\Se>x\¹\+A\\8\UP*#p\nĚV\\nL\ħզ6f\nmM\saCJjjR\\\S\\i\%\\n	\",El\x\J\(\\Vs\\\)\\\\3aҕ\h\\WߖY\,QjZ4*I\"TT~\ũJT\IH\\\\\SI3\K[`>ϥԦ؟4Z\/EIĄ\\\^<fѢ20$)\VB٥dYZ\a\r;\=2\?\\\Ӡ\\R\\\\Y\ya	B^g\\<*x\\GfzVURr\\0v]tg\K[R\9[}\z]\\\\\Z\p@\Ot<$S3\ճ\")\	\+\ǫ͇y~á\\\9RV\GkZ\\\ZT\x\\\\KɊ\)\),o\0yJ\OPv\{\:ATBwPP.Xbܨ~\4\hi,\\ z\\\B\\kCWAћ^jv\\\S%\P*s\$5,֊\\e\,qVʅ)wQ\S\\\\X	8\x\\v)Ni\Ŕ\8,}~5\j3\ng\SW,If\Xkg5Bе\uJ-#(\](ڭV\m\Znp\\a+\\<\TʹhL=vmY8\\Lc\"\օϞ\>ҴbGIN`6\,t\HS8\&ݨ\\\0\"\8}\.\\	*UT\J\b\Q:\n-Vچ\[R\n\:\\\[\\3obԓL9̰e\\8\4떹\g~N\5hĐy9\\]WY(ϡ\\¡U3sC\\.O=/ U!iRfm\U]ɠF\r9g\miN\tv\ve\G<1K\\\\39\<Bgֲp4n\kZ3yPT\}\Z~!/x	k6eIK4q\r\9~9nS\\ZfeI<WW\\sYl7i;VG\\\g\nŎ=hd˗\\u\q֗7ZkѱiP\0*\џ\D\x\0!t\\\\Y|\F?O<\Me\R1bC\˒)\\\\B%U-\)\**t-C<֌\B\\\;ꆬՎv}\)F\\eσ^\6<y2`\RGm-y\)5\ߧumZȗW\r\\\\S0X\MrřB-\JҕzЙ\QY\2\l\8\~8b\~?qB4^|DE\e\\r\\\nT3/S\"\\\4e\Ş\Z0\\\\\\[-;Iu\<9\],u\?u{%\#Oj+\4KxTZ\\\J}\FG<\0˥\hz=\ȲT2YK\\\\Z3\)\(jX\m.	Y\V\\\{ʥhV\\|}|\vLf\lY׬=>\|r?g7l\Nɶ\Z=\gmk\D)e\s\b\\WB\\PgC@e\C41;_^\\g+\'PMfo\N?7(O)ʑ\R30Px\\\V\Nk}_\+=e\\x~)\gI\\\<\\\wƴ\i\\\\\]E\ثVgً%x\\[\\\\ɥ\O$\\ڴ:Ae,\yƕ(\}8\\\8K\^\')\'	J\Zh\Z\\\\Ƅ#S\\\i\3ц{A\\\\n\g\\\5׫\<\\\.\\G\\\\U~W]\\YUr\H\tk\\$pt\1t\0R\XU\\	<6%}Յő7	r\B\\22(\¾>\\tM\tY/\\\l$\<P\tk\{\\vvv鵝\`/z^\\ïK\a\Mt\\r٦`Ѣ$Z`O\Z\C/\'\\8zs\U+k5\ZԣWʲRo:8uٙX1~W@^!^#J\_:\6p\\\ٴ\nZ\'\"#9&5\)\z\Z/]l\\\{\]cY\O\\\\tü\\\;\\\[\L&\ë\'Q\vk>Z=\Z\\\2P8\\n\n7	%˚\Eee)\	E\"&\\\V/Ec%>*OT\]6j+\\\\~\=cIvp\Z\^ʭ\D?\͗\0-\>Nݭ\JgJ\_ąk\\yTiGUFZ%i\z҅\s_\$Q):+\S\,|✣1\de\\p`\f\8`%	\ \\/.\'\\0\k֝\\Z;	\;$\6\oMOfg\ǲ\\h\\ߗ\\Ķϝ~+a(\\K3>\)35l5.\vqGr\r~N?)\#\0g\(\\\qI.\\ӌ\0\!k\p?\Ŋ\-<˖RNi5\\o=\"\'\\]t3\WERi-\\h\\\rοίW^NmxygiiZ̬\qȒH\"\\#58;nyVJ\',0\\0\1b\Ig._C{\np\\o\K\s\j\\\I\g&*+GWeF\\\0\\\u)\\n5z\0\\\n\ݾk\\\?num\\Dto\'\jV\Y\2,KX\ZF;h\\=kbIX\'\O\Z\"Q,YB\72+E\\dsbI񏷳ZѦ\r\<r\\\\0\/u\1\V\<D\\\\wu\\\\t\\ElgK\\v@*NYʳ[N\2NYbL-[\\Ϩu\\2S\Y\\Ji%\~1bO.X\AUց\7e\BI\\\\Umlx0ud᷹\\eU\?\\ߩ<^B9z\7[\\\n\ /\0\/\9Ͼ\ri\?WN|\\\\l\U\,yz\M\\VC `[\'5SM4Rp̴FYa?Y\01\˒|rxx\o\\<2AWJ!U\i\x&R\]4m]n~e\v=q\|\\?\\0\\~\"f89֮h\z[\g\/\ݨឞ\0\\\暷e\(Ui\̹\ZPq\kJ\\\\}:\b|ǂ\*ֵ\z޺[H\1O\\B\\0\'\0Pŋ|1bI,}\r\\\]9!Y*趭5ک\èͨ\{\\o}W\-\֮kc_Z\_\\\_\WN\Wk\_\OԮM\\3\\:\Y6\J\\\\\\\>ǝׯ|*\v\k+`{f\c,:e\\p\/\\\+DRo:J\UK\)[\קB۪=7:4\\|-{{\0u/\b&\Κ\\\C罧\O\>e\|\0\\\E,u&}Q\\rs}\ӛNk\Ӌ1\IY+\[#\\TȘT<y\\\e\\0\pԆ0`\\0^>\aȼ\U\M\Z-k\O\ӥn\4Oa^^\3\\\*\NJ#\\k~G|\\/;^w]u\^v횰\\r\ܭ;\t\\k:\їTvO\\\ӏGJMEcHe	d(c)\\\\є)V>A\9\\"#%_E\l,h:&O_A\ϭžUӑ|w\\\D\\\\\?%\\$\\O\w\!vݻ_\\nFP\\k]T}+:\+J\\r\KD=)4Q\\[ʈ\\\X\9\\IY\\ՕՕV緟n\yʔt\ZmdT:\tsBţ\\o\6\\'\\0\_\04`\0\\0\\\\\Ga\n>+\v۱#;\\!u\g\ŧZ\\X\'6m\փ\\<\r3$fTV<^\l\\\^%\.\\Kdn9\\\\Ք##/<z\_\\3i<h6\MUt\\H	\n\{w}n\B[Gu\|\,s\엾}1\b4\릌3v}\\(\|\\K7\\\\r\,(~\薨na\\=\n\WW^r\3\LӏгCB\ǌ\\\\	\\\\/&Q\Y\wK}\K3q\\T\ߥ\'\_\|u\v\\{\~綸\(\z\XS\|\;P\\;ߔo\\\\/\\\D\-96\\\vQ\\\j\\Zt%\<4B\i\\Y\\gsADJ#)\ZƄ\\\\\\r?\\>A\\2\dy\`\^7\Ie,\\sNrn\&\0\\Bi\@%\"u\0\\t-\C_o\v.~\'}\\\zǰN\6\\rkɢ6\l\5ӓhV\"&U>\yN9+\e\M߼\]K\:`C\9NP<\<^OT+\G\\\e\?<z8\n\a\\jԥ\\ן\0u\,M>#\0\'\gu񞗩\\\\\Ż?v̽\\i~c\ZhU\\j&ꎘ\\莘\֞\Zt#hז\\M\F\ޝ\n78`\\$>|\\dy\NY[R\O\(2c\#k\\\v1\d\צ\\\\n\$G\/s\\\5We\^̿Aζ[\wyL\;,\z45k E\"s\Z&4`\Ӵ߮+cl\f_S\\n7\\я<o\P<\ANJi)A\")Y\\'Jj|ʓm9\g\\v\\Ac\;G\\\v\YӫE´\<у\t|b\0T\9\-9\g\=&\\r\\iMKjgc魪_ƣU\6\\0M\\+)VGZ-\\\\\\0\(\1\\4z\\\\"EEdZ?\ngKҭC\\q\\\[N\-\c]\\~\z9vɢSwWu\\}2\4r`\:F\\ik#-3hZ[fj2hJu/\\c\\r\\r`Cr\0 V3\d\%9n0E%W,\\\\gv>`\֕~\\Y\{\\wm%>k.l\-euʰǯێϧcjlϧ5\Y\SY\\Zt\DJ\\{+\\Lϛԗ\_\Ĩ!\9B r\(e\N2yenի#,2\8W!˩\3į｠z5x[Oj\O\\\\s\\\{ρ\\o\\\\Ĺ\\\+\=9\9\=\=\P(\O1\:%\'x\zg]\Z\6j\G\\zRO\\qÊOGJ-GUEfcE\jKf\͖YX_\\i\Z\\F\MFGl\\\~[X\>;ח\\+\\\\liCk(\\\\l\\]\\5T#y\[eU\!7GKR\陑\\hxg\YYh((8?\8!\T\\gg\Ѭ+x\6ۥӦ\\\`k@h\om\\\\u]]zkuzO\\\\\sEUlta\\0\\\"\\A\YRmFd\yG\-\\\\\0\\B)\qa\WT\3aE`ZЁ\xS:✹JSG\\KQ/w\	*n\v\\\\:\\\0Ȅ˝\\\і\\'\d\a\[\R6\5&\K͓DuP՟[O:u\,˱nr&\\n}\Ÿ44\8\r\\0\0g\	\Ogvn\Z$\\=C;Қ\rz\dz3I\ByX\gQ\qh)cD~KCOM\\\4Q\\-RF2kIfBaf\\\r:׸j\)$\\)V\\r\Z\\_\\Ę`\\\dT\Qw\}Ww1pN<r(\X\ɺV<Y\\1\\\T|u4n\lv&vFXVnr\rNg8\y26w\e!^C\\\(T\j\Zqq?\nfbd2\x8\\̤Rm}Cl\\^7fRg\r\W\u\zro\0̴5\M4L\\\vmK\\\X\)[=\Ze\t突,cÈ\'9\j!M\׮|\0\[ŋrFvb\y<\\\0!VQhi\\\\ӡ@G\Հ\\WQ~dћ+\=M5\\\ZW\s+Z\\\Xo\\P\&\\i:\=\;r:#+\.ږM\rF>\0S\\Xn1fQ\[\$1#׃C.L\\HDX63r\ewOU\ndhh\_U(\N%t4KZV:魶RjaӓN\\\Զ\ͤ-z\)h֩\`x-g.\(\\o\1,\\\g4-\44bI\\\x\\\x\W\7ăr|l\ZA{\\\\\$fW,\2\\\:#\{\JJ1Y},vJ.c\\pNc\F.\\Ĳ\\\Z2\r\HBtJ\\ka&kM¬}ٙb\FvrƏGf\0l8hbE\Gjs\Wc\j\R̳\ZqT\>gW\\^\%y\j\\GJ#\\fRt\k\i\\\Z96\Hb@\3vg\&Q\	Z\4\Qtﵘg< \0\\n	,\\\R*\)Z͋\\	z5Ρ\Rx\ \67ZrNk\Obdl6\rfOFt\\\\nkV9krbk\e \0\dT\jRhK1*G\9vwQ˗j;\?\PjL0\\U\^f\\\\\ȏ\\YaNw\)\S\\\\'T\>\?Y\d\i\\yI2\thX\0U\n\K\#\GTJ?\c\\\Or\X*\\Ѥ\iO<*{^<S\f*\\kgv\r\π<\jh\OV\\\Tяo\P⤈\f\\Zz\Z:9!6\\\n\)i\:!ikxJ\Ш-=\0\\~A2H*\i4ZF-&E\\\0}C6\(PWj@b\Wչ!{a\\ꖑC\1l\7a]ڶ\JNZ\˝I\F,\[4=jYlOJZTWZ]\\%\\KW\f\\4/6M\tyx$y\\\WW\\rj)\F\\\\2\\c\rr\z2\\_vv\\\\9\폰\dJ\Eg5\A!\\WVcv0\r\\$;\D\f?G\\24m7#I\y:\0\\\\>\Mc\8\Jp˲\|G.nN&j:\jmM\\\0A;	\\Ӥi\lzG݉\\v%\4\Z-FV\\W\!X3}u\15;\ɻ\\&&Fffl&I\I\O0\0\p#U\r\\f.\\\0T\"bW@\Ys\*4:smܻ~\\\q\\\in	b(\i\Пl\\reݬ\9\|++U˒cL\O1]\\\$2`\\ff\\i\o\'&\\\>Ax`\C/+g\d\\\0\":k敱#9.\\9{\F\4\=݃œ_\\\iGxj%\^43\0|+Vv?E<B\'У\}sU\ر\++!FF#+#+\\0}Ԇ\\E*X2\\'31\nd%sO\h\CQCo\uKF\Y:|ٓr5-0\\K\Z\\\O\39%X\"C@OPfeY\\=7\0\33(\\\ƏG-\G=8\\G\ ;L*\M`\\\8~W\$\"rrsa gc3\R\ZTtS\S_4\\JN\*CV}\"T4B\"8\d\')o\\\\\H_k\\զ\y*\{鶏\<\\\d\痳n5$+r\5\N݈\\\\J\~Ki\I&2rGy\iݗ\\\\\'󞴉jWC<\\!\r2]\T\|\ 2,`\/[N\;88?\((-\\ZU\0\?\xqؒT\CL\'$_.Úx[\4\\\'b.hW[\\G9\\"m\ \\\\0´\sS3\Z09:\s\\\0@\0\0!1AQ\"2aBqR #S3b$%0C\\Ecr\\\0\0?\0R\Gr<Kb\-C/M\gi6iFLkb9tJd%hHki3\?TK]\\r:|	\\\	S,Ck\we$w\|f\\[D]r\\\wU\<9\dr\\e\'v(\^\\:Iǖ̪i/E\*y1_܎\\\\	\\\|\\0\\ᚆ\\ַ\\\^\qd_\\\\"\Wĸ\"\\Rm\nSؒs|-!mR~\\^\t\IQ^KP;W\W\^\E^-{R{bHr\-1\Q\%6w>\/݋\\f0~XY3~Hcl*1\0$\p]\)Dcΐ\l\g\H\\[\Zc?\"\"\$\|2\\LWO3V\\G\"\ZkC\\B\\\\0\5\LptQ޿\"\gr.V\\\9\\\\\ZbRu\\\\\r/並г\\\엃#\;[ij\\Z\\ޮ/\\\Ŏ;go\s\ݲl>\R\\0b\\.~\\l\P\g?\E\\\\ɋ\\\n5r#\s*\Gc\\N^\WfYE<ݲ_\'_G\V\=Ĺ\r\W仔\?hi3>ت\\\\\\gꦥ4\H$\lmEvI\HorbCoD/qr?\ѯq44\յ;D\\\Z,qt8\\\=Ȅ_c\Ѣ\SZ\|ZE\1k\r+dd\#&)¼\p,(\v\\8|pc\׸\_\rQ\Ag\ώW\Axg\\ϗ\\>\G]N\C%uQg\2\\0q\0\\\쨹E\nO\\\Gf+\\,Z\\\"\7E[+\ɱ\x\QGqG\!Ek-IMܿG*߄9\\c̽D1*ɛ\.\Q\\0_\1}1<x0ULpxb|3cS\\\/\Yj\(?\S&ުOem1dT\ƴ\\Zp13S[%W$hK^\W\/mdgszBq):\|ɯ\"u$,\_4܏U\\\H]\\\\\J_\ĺ2|\\2Fϕ\Ȼ\JYw\\_<\?WO\%er\E\͑\0S/\\\!\7\;b\V\'*;b.V\\%C=\\ڊ\+Ek\\ߥiX͞\$\iR%\V\\\\\Uq/o^\\ҟ\\T}O\Ǆ\,j&,*ԥ\O+HK{ƹJ|:G\\0\\\7V.O)>FGz;^#4<n\$\P䩭顧\Z\C\!5F\G\\\tF)ǒIi\|\\\\vegc;\|\nx(s÷v\X\\\\y;z/{S\g)\?s\wȻ\"\\\U\\\8\|!B9e\\Mg\\2\'&˓_k\l\\:wK\5eE\r\\~\E.\\\Rߥ\=HJ\93\\\\n_;/q7Kr8ly\\\'lrf/O\fo#\HP\~\\}0t;/!Hm=n\6ڋ\/\64\qfV\1؋\\\	\\Xq]1=G7?\";]=-Q\&tY&KhI\ܙ[܅gl\\|	pĝ̊ߑ\\\\V\'\vNP~E\oL\q݊\;S\\\kH\0\pdcOc\\ˌW\l\-pqC(\ry;j(qj\gC=\^\g\,ع\\n*\'WHY.9kB\\\0Qۤxo*l\2K3\o	zH\Nd~\\\ܽ\\v\Cvأ\9r\%p9>Oqz襡\Zt54SJ?\'=\4\Ŀ\kEy#-5Lo\(1Msǖ)p\\\{\\ȵI}\Ɗ\\iЧ\\\|	\O;ɎpW\\/\lf\8\Mǝ?\]W\\rܥ\,Y~{\$\\1JwɦV?ݗ8c)\\\\-\rc\璒ٍ7\\\Kd5\Z\ܸ\$\4؜j͈Py/ҋ\\\9+J\\im\\\\0cRU$wrb\ܙ9\`\\rli\#J\W\_j>\oe	-\)yЗ%7\\e\X\~!=G{rQ\N\36a\7ȨWG	\nJ%2/\E\k\p\zxgk\e\\ZOh[hতZ9)^MK\\b\\-=86/>W\\\r\Oz\\u.7[;z\$_\\\ohs\J\x\,#%#I\\\D>\vj0sqƎ֖\kgl\p8Ɨ,j[\\4\\%\b\X\ZU#\\7\[cxؕ7W嘺h	\\\\r܇&\=\'\\\cU\r\\ٓ+\\6\HkH\ؗ\7\\\{!\{Z\hW\CE4\'V&pkB{\'is։&w\(r5\\\MSB\z\_\tН\\\J\2*]TE\J7	lR\S\\S\8Kmpϕ\\\pS?bX\<K\\2/drF\4w\\#\~\rYPCMMk8\\0[eEۊ\\킍m\Z%O[7~\\\m~\U\\}-\zG\\\=\\\\0<$G{\t\ѓ+nRfL\֬m\C\J\\p4\r\ĸ\r$\'\rh鳑Yo\Ѣ5\\\\\\(\\1\\G3\\PB_GD%#\+J2OIVȵ\4F;Gk\\	\\᫴$\\\m6\\vM\z>NO\\\Ʋ\*N\߹߆\Pq\\~<m!t>\-\\\;1\5\nr\\'֒-\:ȔqTv\\ͷ\\lIn[\\o\V[bJ\\W\Yer[7ecYz/lI[e\qolEP$oG\\ȌW\\[\%~\oF˃\\B\Zz仡W/O\'%p{\\UlE%\r=Kqdeƙ\v\\e\\\\IB\)/\\i\yOD\\\ddɧK~\w\Zm_griKcI\\\nimx%	{#\\ݲw㓋|p.\-ڡ\\<rZCqSn\\Z\s_GQ~\MQ\\B5r\CA-=-\(\\\\n<Glv\n0QHi\V;cUzuGu%\eX\pW-\\Dq,<\2f~hKų\TTS\ވ\QEmBW{\m/\MTlm\'={\\hhV?Or͊^W\~X-}CZk^\OX֙ݧԸ\򘥦间8\\%\$\1\\-;\\\m>W,K%WZ?Y,Y\\CIeW\G?O{ZhQɽX\>\?\Rr\y;r\Em4\\QP\u\+mqb\#\(\G\\d\I\WB\ye\hS\o\I6)Ϻ/\]=3\l\\'Ȓ\ک;;/e\\\\rtn(~X\عck\\n)v\\?\'^!ol\0,\\hHg)\r\loʩ	ndc\Ĝ\C4\/MT5ȞƟ\)m\\Zѭ\rbȽHMZ\\\0{BK\'?\\Ķĝ15?1\r\ɱۦdڴb\\jOkC<O>;\p<;\\(]V\\fJ\Y߂9R\^\\nT_M%~_\x\p\\E,X\y;S\\߾Piy+?\N]\Q䤣{bmD,\\U$\col\we~ޝȣk\l\l\\Q\\\ڋt\2\d\\Gr\\ZoEm펄]=\"\\g\\#\Z\\\(olkCuH^\[5\Z66.=\z\ZgRLŗʯ\(\\4$tF|=~iQ}\\IoL؟wlԘ\\MSbwq}\\%5M\RT\X\.\d	\\CPl\\n>H\\+RT\>jՍJ9\zYE/+C\\\;{\\}/\Uđ\do݋\0Y`\Ë\ZS5/d.\\b\\\\'\\\RzG|\\"1T.Hv\<$uZH[z}	-QOc;u\\\\w~Ʃ	!˝!-G\\=o\rp(gv\\ꢨ֑o%\\-l\"\\^\\|	m\o{Tc̓t\5\\Ƽϧe	\kB%\Z˝1b\Z\h1\~(\ZwG阥4<65\=Li\gv\?rk\4/\\C\"i7N\"R\Ni\G\\\ȣ55\Zbɋ\Mx\\m	\9\\t%Ӯ請\	|2+6H%ld\\]\w\ڭŊz⅏4b݈K2\\6ʖ5e\\rٹ\\}OeΔ.\;b\CܶʋuGt\K,H\ݶv\\\\#\\'-yl\V\\\\\\&Vm[/nDF[d\N\\\n\TJ^\r!Tw:\\bn-\HK,\)nrb\\\\\[F\\V\\\8O2\$KGU\\\C\EMpǍ\\Std)i\\G\"H^\%9.\\)\\hQ\hx\(~i\'\'%p\\\ms!\b#\\\0r։\=\\K\n\\\ζ9\\eļ\Y~	\0J/\,\\t|	`c\\={|H\}ǍB\I\Ol#\c|.%\vǁE[\\Om\iN|lPY+$Ĺ?\x\+rd9		p9ryމI\\n*\cĵ\ݤ6ݱ\Kd\,\=\\&t\̚HÏ\\\0A_<kҘ+I\W(R\^ėiSE\;De\\\\\k?\'o\\,qu&\\]\c\\\.rװ%bȸ\OhSU[\'\\SWVE\%%I&sՎx-uxrFC\v˿\2t񴻠(J9\\$c\\cq\a9#v\0aIK\\\|&W\:x\ܨX#(wukzG\\'gf.\\L\V[VɟHx\\\2MC	JMӢpo&\&\MW8\\\\b\\ǁ\$\0\\n\gw\\"޸5HEع\\ZDb;c\Ė\\P\%%.[\\$>ߑȣ~II\Epy~\\\sP\?c.\rTE\&^إ\rp\.N\45\\-kÁǑ$e5\\"\p\E\pU7Lɍ\9c\'\x7q\$\>Em[٢x%q\X\R޾|.ޞ5\n;\Mln.:\\uO8;[\s؆\\rW\"_\rkPn.O\\/9\\=^&L\e\mK\噾\\LvT\\x\Zƪ>voi7\:5\J-\\w˺LRTސS[I\RI1Uɍt7\|2\<{	p\/\'\r\\nO\1bZ\wDKl^{dU\{!͒dW\ȯ\\_s;~\N_tX\\\\"\'E\\\\y\ȟ\"ob<ؚ\+i\$5\GCZ/C\E\LZz/	jEq\~\Aزi\SnJ/j洶w*D\\D\K\\	.\\IvI7ke\\\=Q<\\㬘\WW\E\я65mv\\{i/C%\)\11]w&%\SwMEK\[\\8oc;b]cQ\r4N\1B`Jۊ1\\;\ۤ4\\4OBMO\\Qlնws)\'-ɍ\\إlI\vIFߒR{\e+#\\\\Tcm\I\~E\b\\Z$\v$1yd\\lW\șOO\IzD͔%\	\^\8\\כG\\I-oErw}Ғ%\Zkd\L\rrW\\َ\\5\J;D>ɡ\~\f<\n*|>K\C\\\\\\0/\_l}\.x\]\T|\.\_v=\0\ɅU\{\\\|\~,\{rN[\E\\'\Mu2\=~\qx\0\Ņ.俱\n\~ՒKHi7	\gj\'M$Ij\Rt4\j\s#YnL	\ݔ\'O\bZ;\c\ύ#m\Vŵ~\Nʺ^\\cb\"~Oȗ#$\Wb6o҄!xcJ\B~\?n\"\\<\\'\+\\\K\\\\J<2t\\\\'\\Ӵ)$Qxq&rFаX\q\#-]5Ŋ;]\Z\=\{1\2K܌\Z1\xf\'Y#\H<[R\\ZLW\FW%\}\TmX猪Qu$G\\\n#ǕſUp2\\Ro\vweI\#\'H\\p9ch,x\^\\K\'Sj8\E\O\%l\09\\ȲRmҾ?_1\+\\\[{-\;*f\|\bgj\.IKQ5\>Q\\\\\9M\\\#\rٓ\'\n\%pwr\\\w&:qd弹){qj\n\\˓Qs\%\\I\!ȓ\|#\ȉ>	X-{\^\\ѡ#l^\\\s\%\/M	\Ɔ6\\!KD^ꌑz\ݩ+;\\+\\\!Bœ\21\d<R\ɦC*Z$\uFW\a\w\tH$<RSG\"\07ӽO\jK\>	U\u\N\Lo\($\\\\,\=R|\Gt}\c;\\n913\\\)IEw}a\0?\\Y\R\A\:Ϋ#{IJw\Jm\ωI=;\Kcmkdqcr\#\mw=2Y%cw!%IR;xcv\\(2d\R!\\\!/%j\\ɽ\dZh˓r[叅	\)xd*q\\\\l\d1\ьB\Z(\\0F\W\\t5\$П(^䌴\ñ]4)p\ˏRTwn,8\_$U\'J\*hƕ\Vt5#3\\\OHWے5%5q\rŶ\FVL3׷\\<\\\\\9./\5\'Ow:\ŗ%%_\\]hxzzci\\i>\\0~\\\0%/\\\"\\'J*\7\n\\m\c1\\!\M?>\\8呍4	\r\lRIR\'_A,G\\pM\"Sn#6̓E9b)pkI\\q/B[\<]~	O<aɎ?j5IQ\\\/\/o\'\w\B\|Er\\TlجG\r$\&{1\"~ܮLr\	\Z\	p\.v.\	}Ѧ_\\Fd%[\\"\\n\Z1\}:%BBNq~\5	&׹V\'\l\܈eW\\RǧXz~(\!O\\_:GU\e}7U	E\"mo\\\\Qܩ.-Le\qVGӥ\\	\\0\YcʿTS<J?\r\\\\\\e\\\\',\\\rrMAE9J\\$O\\Z\\\k\\\O$v<Gi\"\r}\\_Q%\lM\_اrƌf\q2=(\/(t\"\!¡\'o\"\\!$7\ >6e\u2\\\&c$\"Dܾ\eLBFr5QBZI	Of2y/בg\\1/qcLA7iJl%\\~bUV-IZ1W4\\\U\'æI&۴C+\h\b2j/\A:\eS\Nadg\#\\0\\X\i\\\'bψ\0#\\\\\kS/ǣO\.S*Z.:k\\qcK\0\\zr}\\0\c\\._S4h\&H{\S}䜥\a\'(A\\\\\\\)Ni$9\C\_ƥո~e\nY#\\sbr}գW\\us2.?풖\\\\dmrmKzH\\\\1?\'[#ff\\\ZʈGQVI\BVK|1\,3\\,\b\0A}\ijn1G1A\B<DoME\B\D\\0ǥ\"Ѝ1\[+\\h\n\J\q1^Zd8\\[I\\Y(\+Q>b\SE\4R\"cI6I\H\'rT\\*8QGc\&W\W\|7ß,q\ZM\n\0p>\ns\/\~\G_\/fWİ\]?i/O\~6<r{\9N.-_g(Q\\.\?N\}6lpr\8إ\Z=\T.JpI\_퓜_\ufUN\\\R>k\cN+{X\0;ȑ\,\\D\\\D\Ɛ\J[\5\\߸\\U7u{s\:\\7*[gS(Ryda\Zǌ͑xH\ݘc\Ē\V1ĜD\\\"\Y4HA$v#\rK\\;6E^\~(d\m}$[\\0/\\\\Zߧ\'%\Z\?c\\\\\\\\G#.R	y+K\\'\\'\JhPm\\{29\dfr\\1KE\\"81\0cw\8\\<m\0\0&l3dcy\?\VΣ4C\~\\M\L?F\F=GjI\fJ2pjQt\*ѳiP\ӭHLW\}\(.YFU\\vq?K\vIu\[0\p]\VF\\4&\\'Qw+n\\\\\\΃?\>YT\\\?\\~N\]S꺙\oQ\\$JtX1}Kt9I\!\\;~\\\qFQ\F̍\3{lQ\q;]%T%%\J\\I\$\%\Eq(=B/V.IDwD\\t\\fE\&)r\\9-\"^\\Am\\ÙE>r#\\\016hѡzn\ϥ1ިK\?\'\H\D_(C[R\Z\	*1\L\$tբ4\E*Rؐ\Wd&\\m\n0Si*[{û\2g\\0oG,\'N-3._G\?\\t\C\\\0\P_FM\0%\\CbmpwwBKn\>\ZZL,\r}OHȱK*f\0\\ñ:t\\\\\\\mS,\b\RoL9~\\gM7,_N)\ru/_3\\\\0?_\}wWyg]Ҝݶd\\\\:~\X\g{䔤$Kd*q2%u\ZؒovM?\ܚe?,JI:C#1ˈ	Q(;vI~2>$M\"_ƈ.\"9}T`\:xsbI:\\\ٚ\\ə6ɿ\Ѣ\\ߢ\~K\~}=Ƹc\Kܺr$ڢ_Ԙҷ/3$nZ#$\\\jLj\m	\=:\\I)$\\'P\|zܒ\d\`>kynX\\\]Gk)\CV.\Zjŏ\\'\\0ǋ:O\\0vPI|\G+\f^3\*\\>\e<T\\\\Z\\\\掫ˌ\qǖ\\PXr+Kn>/\>ږy3\\~%\O}gK]\'O\xLM\\֥NW\\lN]\Z\1$hǍS\p9&뒯M\ӵ*\Z憼r#tEF7\	p\I\\\0I\Y8\2\'\1?\I}\yE\\\2\OaD\%]8\HGO(\\\\g&\0\\4_\~\g\ս\ƕh\\Ȥ\vɯ66ބȺ}\p+E>䒟\\J=z\'\.R\\Go\f\;dt\%܎F2;K6.m\qC˃4cUh\+\0a\o隓\l\\Ν($4\'\\\𧓫\q\;\|BQs\\K\cWN\bJ3&l\\:o1va͑wM~\M	\Ȓ8t\\s\c+GΗܢCbI\'%]Y\\Ew%bqk-6\[oD\\(䅯U}D*\\\\1t\`\\{!`\0\'dLF\0H\}%\\"\B֢7\~ǹ\a=\0ׯZ\_\^\~\\\$Qz{\r\ݤ\5{%\4\[>ݛœU\\T\x\3t}C\\\Zz(˞j\ݓU)A~\\X\N\I;B\Zdޯg\aCkh?G\Z[z\\\\\9Ep\z\7H\0˾$#ݒ)ydu3\0|e|Ϋw\\#\qW\V\K:\X{Q5\γjy\\e\̜\\'%Qz\Ȝ\%\b\S\rcv2R\2mSz#/%]AJ݊-m؟6wU?K3G7̚dZ\l^1|B\\\L\ؗ\\\K~cDI1*+/c\&\Z\0Ԛ-\p~=hLU\\\$5\/C\ b\ȃ\B\ZTَA\\j-Y6\\P\	I^%\"+\}P\\oN\\u8!/\GgA	\\N^aR\0\\f_KW\	\0\\0\'\\|\:ƞl]\\J	9W+)\R\֚-\\;^ıuLW\r\\\Fsڳ\xz\\\d\R͛\M\:^\\rB9t░\eݑ\ǉ\3IygS\_22wϹ\\F)7(-\0NNI3$>hݏT\'Ҕ\*fv\VvSm2\ril~X\vsI\,~Q\\B3=ZGQs#\\0$_\+08\0&\?1#(\$Iw\\"\$b\\\b\\lI\G\?\\'Gw,\^\_\{=\\\?O\\\KD^\^5\$\S\ZGsoj\7?&\\d\攸\\\~1\Iw$?qܢ0MZ>L%\\"SR\0\\frn˺g(\m?5%\y\\\\ǻ\Zh\1\y\4(\'.<\\<Z#jZ#\Q峥y|\yf\\\NX\{\r%k:nR\Gr\>L\R\TVq\I\\"	\nӍ\\\9\D\К\z\5\\\ZCuRD,\\?\5\\ELq\]U|_\}c\*\$\\\2.\Z2yhI\H&c\\\^5\?\\1\\4I\o\/b/Y|4jA7i\\"\Qx,\\4\\'^\\⥑\!\\\:.Y2.\sE\h\q\vD	\D1\'/k3\rKQ?\7\\m\bJ\>_\΢\Sq]\0.Rk\\\\\v7\,ygQa%\>ԟ#Ŏ\*Mx\1g\(\oɏ(MIhɎu?\nj[ho8\\\\0~D\(Im\"5+F)#tFqdv\Bmd.;ĝX\dW)\W\'Ĩ\\fE[c]\5ƹb=\Zӿ\wn,\Bk\ho\\fC\ُ1\0\d\d#̙\=;02\\'Gw\KE?\o\\/!Z$I\L\\\%\I\K\wH/$£\\0\\\\0⥏\dh\0\\0\T\g\\"?\r\vF	uS\/\0\\\\-\\7Ł\\\\\\Y&+m__\Ǣ\19䛥FN$2|c-\\\1Ek\bN}GM\\'z\.Q\?\!o\0N?d4dg\I\]#\0/\S\n̝W\\f\fx\\Z8q9/a%+% \9W\X\|տ\97\\8CǕ\W-;\\-\˴AWգׂ\r8\\\0&\\iԑ\N<1ʵFE\dV\\Kщ\h\\\\\\bbd\rw۫C\45Iy\+4%ΈY\\\mz\\K\c\c=\\\Ex\o\[U\R\"z\!hZ\&\\"u\˨M\\c\\|cܺ\E?\8}O\$\\Y\\ͯ<\!\\*tҸ\mM\lt%碮\5Kc\\O\'=\\}ORܨÊ=\!-M}3\\\\\|\\~\U%\8ux\0T9>+\/\?7\nw\\\\0-U>GL\\q\uy\\0ے.M\áM)A+#U\!\\\ӻFR\0cN940\h\jl7m27c\cMY^Z\Te2ْ^L\h\KT`?OF\0K%,o\,n\\\2~\q\Q#Z\\b\\ӈ\g5\\\c\\~6R\_\#{dz-\菱a.备$w\d0I*\K2ī&I\~\b\\=m\\\\\ftP\|ٻx={\M$뢟t1cmG;q<j&<u\]x#-J)G\0\\\\L5M\BiN\'$\{c^\E\^hnݍ\I\\\.G˖8\4\M$\\\*\'\6A:\n\~	+;\S\\lMe-!:URO\?EI\Zї؛\6_\\Z\b\0\\01IIkD\e_ȹ&L\\0\\H\7\\l\??\c?\"\\\;\oM\c~F\b\\#\\!ye&\[B^	\&ٕ\\_\}+͝&؝O\&\0$ \8\\f\-/Y8qOCnE)\ru)\'Ϝ<Da\H\\sZ,]\ΚP\RLŝwb(h8IZdqg\\^\}Yr=7K\\%v̰]\2c\8591v\߸hXFK\1\#q\W\(_\(\ɉs$\JD\T욫bi37dӡS-[\\ޘ\\~\nE#ŏ]k\\\N&NQrŒ	/hR\#_\\FxX1d|9!\\\N;R2{\r\|\\P\!y\"!{\Q%D\މV\\\\\E~b\˵\uY7)v\\\}1%]\\\F\_F$\\Gy&~	Ϻ8b\\\JW$\bľ~\4vcY\\\\[NOɇ\\k\"J\\'\\s$𹬿R^\S+oGOQ3M\d:K6)&ߺH7\LˑW]Fv\\d3bQ6e\Sm\(\qăm8\%3U\Zk\:yŸl9>ؐ\\J\\\0$&Em#?I6$?)3\\\'Ș\8\BZ\'\CZ2^eh\\\"\&x0b)\\b~R0\\L[WR\l\\0V6tR\Q\K\:I\3F\\\0ԉ,\o\l\\\z2\>ŏ\elOdIa<(\I	I>d\t#n(rg\\(Î\芉\\y#\d\mӆ51\9\9\0M\/\n\u\?[rv\\Y)\,y\dq\\W$c\\\\^\"ٛ?\2\f\\(R2(\{W\S6KDᒿ}4\\\-;|z1\:y)BJ\8MEբpϒaiD4ǷG\QOh\&1\\n֌s\Dc+۲TG*J\\zl$FHE܈/\7tَW\Ѷ5d.\'6\*$R~^Q~\O\{\\\Ӌ1=\.l\,<6E\j[\$0\\H\\de\\vg2?$GQ}\6W&ґ\\\\\<\0;\։1$DތQPҶ]\\n\{-\\rR\)#3uR;~\dTmEX$a\\>\̹&\Kt\\N1j3r{t\\PW&(|y\wI\\\3\\ˊyEs_\͏\=Fi\s|%\\\Z12\{\:\,:\'(Gwc.Y%\R\\\\W$\KD\\2V)ca\E\\\\P:II\A\oہ\\\o\'ɗԚ#j2v4\r.\\?\\^\+%nХ\hvd\b8\9#$%Zd\\\˦d\0\"\\KY1\\\\\2/K3\S\'\$Ep\'ȟ\\MB/\=8\\f]x4*\0^͛ȪcuQ66~\M\\F(s\\WLiF&:\9{n\¸!\\rw\\OK)\:BU;U\'H\\M\\X\\坹G$`޴.᯦\.xc\\n9!\^\\7\\\#IڋٗS^\\0-\à\\}2uœ$\l\\60\\0u&齣UG,jIrJ	A\ڡ)i\\$Wwgr\&\ddۃq4ҟ\(J\dJI/pv}Q!n\FV\\%\E\e=|\N.fU#\\\m~N\"\0	\L!-M8\퓢Kkf7F1?\L\6\9Y.ڈ\d.\?4\rIeuW^\r\0C6$y\kLuDT?q%ȗ\Ma\؛G+d\]\4E\\'lrkt\ؕ\R%şN\\\%)rylb\Zhx\'\B\TWrzW\䨧gb{)߱];\\#E<s?؆HJ=\	E\߃?\\deqc\1\\/\ إ\LX\qn\m?$dQTRb7{\O&\\\\Õ>\K\F%ܑ\\S\\7WXr\!\yE4\\\'M\"\\$DLɭՒ\	\LZ3-}T\}\\\脵t\%i.|2\dkm\&fZ͏\"\z_Ʌ\0IziIefu\\\0\|zW\'+Ӓ\L\\C<D~\r=ę\"r\BRDS.ZB,mh*\\\\"\&6\7/1\\ڏ\#NNVߟa9R\%T~흱.YV93C:lx\\\\$\1\\W?\%.n\Ȝ\St)60G\񯛏|Gt\\ߔFQq\P=\n\h\M\ܛOcFpӦO\麸\\?3\\\*\\Sn9!OܟO>\Sk{\GI%%\\'\}=\jI\\"3N\Ķwd㸽/ꉏ\'\*~\H\\N?6K=;2\\o\4$*YF\m&In2\FXoE}\gKSfn2M~KQ4Y\sγ\Y)*Ϫ/\\\W(+\\\n\\hyv\z\)\أd{^d\<w\'\qr}ؖg\\9;e[\C-Ü\\\\[EH\ԑ,Y-JPFuN\lﶒ\'%օuۦcş\v$.\jkcG|\\\2aWd\'O٘\\.\?\'Q\ڒn?\t\\]:W\t+JI9%(Jɨ\lh8M\")\r\!;hi\N&J\J?TFK\$d\\2I\QzdRk\1\\F\\\\D\\LF7\\O=N5\ї&\ծ%gW\\k\\(.MJq\f\Q:O\_\c	!l\,u\\\0E4WxHmlK\CC\ZK\\.\M\\Gɨ3j\\\\\K$\F2\,\CJoR׃\(^\\\\\\N\9\\\i\\w\\Ъ\k\^e=\M7p7rM\\~\Z3v}i\.pDA~KiSf\\\u1JWۧ\d\\0&\TDjmI\r=$\\\}k\aȮΧ%\׆\\d~Q\\_D{Hɉۍݯ%T脪\0\\\\Z\W\\\0M3\FXntg5\D-M#εHKp\\3cFI\'oyz%\\UCk\%\_\zhH$?|\\.-+\n\9J\Z\\\O+K\\Dw&K&J\7-bY; \ؿ-\]\n\\9\J)$\\VOʟ_q\'5!\&Y,\\Y^D\rWƅ94W\&\0\V\"\D&푗\rqk]^?)\y2t\\\-\23\IcJX\کĎD\IA\\\6)\rMh\\3I4JV9\3c\Fk\\0f˶_xnH\\1\q\\3&.c\\)գNt\0&9p\-\ˏ\3b\hNU1!+<E\g]6\/\'ౖ$$kC~T\ocƮN\qq?a)w6V\G[J_d\ybr{Tm/.M\\o\.=*?Z\\Вt9K\\+Kɓ\nƱ%d\\Wbq\\Zhsqcp\R\CO<yV9\\\"\"1N~ÔmZ7;$\_\>\\ы7\ZM\˂J3O\!8v˟s颮6\"\q\\ӵIR\KL6BzK\\'kh7tF\\JUm\\MZwg\\.\a\\Zf4\3\Zb\\/lϋ\r\LttuB_V)\y\\\MKc\x6;\e\Z(~#\\9j{j>J\\F^\쎢f=!\W{;x\ܤvFq<\ڜ\'s횥\\eʑIGإh\W;\\\\Z\\ECX^	bȷ\e\xZf{|yEǑ\q\\ht9>o\bq\8:#\yUR\Zm=1\\t\\钦00\QȕO\\\\:p\\Zhq\昭)	\Hޘӳ\k\\0cpYcRh\}؝bk[q:Ft\:dS^\	\\\L|p̿[`ɸ3\do<_\n\~\(\n5Ͳruɉq$%\%7HQV\t\\H5\\'o؜\0\\-\"\\I\<\p\jf\~D\U/s-E%8\\;\\h\0o\\i\<3E܆\(\\\v~E%\\\\N\KJ\,\\)I	܊XMk\츷q|2PW1\d\-m{5(^M\cW9bɶ\7hjƹB\1M\\hR\\5\,m8J\'LǕSt\u5\\Ǒ}%\r̐\\/?\\'pr\0\U$1\qxl\qlϋRO\\!/)\$ĉ]W(\?&\orb\\	j;e\\\%R֑z>\ТW,fhO\Z[G\U\M\\\\ni\"o9\ėj-\\\/<\"\s\G\\,8#q\¼\"\^\g\\\\V3Lqi\!S{BRLw\\7\\7\\rz-4Ǎ\\5E.I\QςQ\X{߱,s\הG\"_<\RZ!\Ax4\\#&\T8\\O/ٍi\{\Zt\WGJ4cȮ2_53^Wd\}3WS3bԕM#-3Ģ\\2\{2\\\\\?sT{zR|\oE\7\G$F+%\'΍\oB\\\\n\ZEؒ\5|\"8#\Eϟ\OH:Bm䘡\w;bK\\wdQ\\9P9\Nϛ\cj\\M_w+1j<i\\%51e\&FHdԝ2mvɲ\6(lo{\\y%\'\V\슍G/\K\-\<o(x\SZ*\dm=2P}t\2\\/$rb\CO;MH\:\\\\\\\\{\NEkܒ]\'ܽ7ۖ.,m\'\Zve\K.׹*U$\\\*dRF9\d\~\\Yaܽ\\f\d\"p\Z\8\\\ɵ݉\"PD\\~O\\1\\o\/F\0=Q\'ߥ.YKC\/wK|\CK\N4(+\\\Zo\m\K<\o\]\{>\\ȾD+|\.\H_9\荊u+\EF\nPǴ\4v\#x{wᑊ\)\'܈\\ed8ysb\!\\,3\O\zbM\oO\N\\Wl{\\\\\p\;\\\\\\h\\%]7N-=ŒĻʻd\\3!;M\\ZhOg\)1;\eYb\rJ\\\ȿ4ir\O\2\Mُ\'\\'O\&\\;^\\?\\n/+ÙM{3ػ_W\"k\~`\\?lE\\bM{\\\\\0K=Ǌ|1i{\\\bϦ\N\\;\uDqF\#\;wh\j\߹\*-\\\^ؗ~\\\3\\%{\Ï\Cm{Dn6\|3ٍ޼\4\\r4\L\%#$]\Cɾٲ8\dvdo巿\\dS#O\\\\\n\\\I\#ˑ\Vr\\\϶KfL[!5_5\IEDf4\ni2e\\|L\v\_#-\fd\\kES^\W\K3\\bʻ*d\ʿɛ\1e\S\Z\$=x*d<;\/\HS\Sk-^)&,O%z=?\Wz\1k\^\R+ӻI\n\\\|+fe-r\\gsEױ\ҶwKpbQ\*\\ϗ\\^d\ļ0\\o\)\\Ct\(jߑՉ\T܏\\m\\T\\ذ\i\\ݧw+L\\q>r\o\O\%\{*6>R&c\p)\)\Tܣ}T\iХ${_?\%]\\\\6Ƥ\\\\\z51>%OhRd\ȿ֟r\b\7\\A\玽чWJ.\e\\,]{3\~$\'\Oc\^\pw\\q2u\$\0(\\'Q\\/+ѱ=\\k\\rneƄ\\=\\X\t٪dv%˖wlq~\\\t\\n\\x\\ΉdȠڡ~\\R\U\wuNi\eB\O\Y*\\)%cx\\;B}\c;䃌r\'S\\x89hi\<\t\\\'\.՚/q䌱,\0r)|\n\{\\]\DS\\\Yͧ\"\k8\\Qk]\\\71\\D&\Zi\Rmy>\3\\K%\UlǑS/$~\\\r^\\jX\/bJ\B׹:m?\w\Ϋ+$\7\*3cehœY`\у\c|D/_o_oF\^\\\x\0Cb^\hITK{)vō\p(ù\Ro\%r\瓵R\\Y\lH\>\\}r\Q_\\r;\&ƺu坱\\\9\\\\7(VvS\\߁\\\pw`kh\\,n[\'&\\{%8\jԈ(Q\*oO\\\w	.o\DI\ɸ\\9=>	c}z_\bO(J#%\\ekN׆v\*\SL]\\\;7\'\\z,q\WY^I8]\6\'\p\8jJ׸k	\vD\"\F\d_	}\Q\\}\6F׳ \gW\_ԈdWk\"\0\0\\"?x\\\~=+G\~,iW\\&ױj5\\\e\	}R\\|\\/\/ع1R\\RF\._ϝ\-ilPRp\vm\"\rBLqWj>;>sW\Ԛ%-Y5\UĻ\o\\\břJ\\"3yG\\\\\\\=\\\7\r\\|\?._tx>e㖥]\\\\\\hM|\=2\ƟJ-鑒\p\(\i\0\\r;Co\;\\\=\qvd\\\Z\%LLr;=1;\-{51\VI}Kĕ[\\2Pu5O\\2\$)\\f\\\\p~\Ŀ\D/b\ǣ\\\\\zyH	/є{裷\\\,xٞ{\-\zG\vT{S/~\<E!\f\ظ{G\\^]\.Eʆ\ܫ\{%\\\8-Ȉ\F!FhIG\"/\t\i\\'v54\%$G\?\tߕ\,9UJ3\\x->Nֲ\;ÕȧY#-+\ލ<rzfӉ\\\\\\\nKn\7km\\\ק\^\Թ\Z\\ZԶ\\$\?bx\N4-	Ф\\{\^\ŕ_\\\uk\\nJ\\\>2C2c\\'k؆Me?s\Bc\3\\z{Ȑ\\\\\tS\l\zB<\y~\\ei\J\\(Fe*-\6I\3\\ckŝ\\\V?\)SeD%\\5>F\8˒Y1\n\)\G\\\x$ܱ\\GHx\\\\0/\<r\F\v7FW	q/)9cpk%N_/e;E\lR\qd8qƵv(\(qn\\=~}+	\q6atBZj>{^\ki\2bz\<73Ek\d\\+^\\r{h\\'\^~?W͓J\\%\'Q\kQ|Oo\\r\Ϋꦛ\J\Qm\\\|\o\Ϳc\\\M\rWJQ\\\\\?\\\zU\\Gm9;~=ih\,Vlٲ\\n+\\\\\\V\+le\\2(\\\\֖\nb\\0:+\\6}g\\\q*}1.^̩E7^\\%\x\<=CGۑnE2\\b.)lO\}I{\0_\\\n|\bj\/l-YkE5l\8;\W\\W\Ƙ\\_\i\<LJmS1\[\\2bw\\ZՉОc&.6\̄\0\pr\!5\/\G>=G\e,\x\&z=\0~\\\\0?\/t\0\lR/uY~_O\\\<\ʦX\8>f?/\99<ᮟ\:^\_\\0\?D\u~X\Q\O\Tj\Zu[\\0|g\\0m:\t\0\Qվ$1\\\8\\K7i\{R\?\\0ğ\\']u\d\5\G\np\\G̟\,ct\e__\0\0毬c\K\\\Ϳ\^ݷ\\0R_y\â\t\itq;$%\t\<\JS\\\1\]\kk2\S$L\\\U8\\%\iU[G\\^~+bOC{~P(7B92\ΑJ%7HEJ\rskHm%9j]\VwdSe&}\'ҏ\'܏\L\\^\nX\ĴvMM/\"ˁ\\)\널\u/\\]\_KQ~8\oi\U+\\ݮ\0ݏ\y܋ElL\V\#\u6#e\Q\4\X֏rX\i\#?4Ʃ5Qm˸ipj/g1r\9\\o\z]ú\/SJx`\\\\|s\\:uR\Y\#K\&\#\\\\~6,]T3\G劒RKRJQ\\'\\FS\\v\ՓWL؆\^<\0M\\\rp7-\[*6l\\\g\}-\"Jbѯ\nrsd^Gfb~GЇQ>\\M\hcS\%\\e\22\&\\xbPu<Z\v\\b\\\SۡBm\Df\\Wڴ\'d\\rO^5Gr\\v\l\\\"n^z\M\C[$\ʔD\\\"M\'dr$\b\kc\\M+!%B.⟣\?\\0!\0\0\0\0\0\0\0 0@\\0\0 իX \u\OoGOOgOLg3sXUF͡\@+Rm\w`eZ$ \D\\\za\oD#\\\\\n.\m[[DU`TVЀ+@YX5F> eZBDD~\\\nxa\\\B=2\\\\\m\\\\n@J+ZҴ\0\0B\맶\\Lo[V\\9\"\Ͷn\:\\+Pݬ\ZS+\"V!`\0\0\\\\\\G=1j޷\Sֶm]l@\n\\"\0b[Y\\\	XJ&\0z}G\t\c\^\S7[nT\0:[XjO\0\\\Az>U!	R@x>:{|=\\\\r\td:zekPkmu\.?\\\c\%B!+\\\ވub=	Gy\^J޶3:3IZ֡Rkk]\nJ\ͬ 	YYXBW{]1\\\\\\'59i\K\\r0\"kXV\f\\07\nT\결\VVV\;\\\n\ \\\\:\\rW/NJ\f3W+ZW.\Z\t\\\V\nʕ!\\&\fbg\^$\%9)zrV\fŕj\gx\:\ցXBk+\0t|s\w=o\B=7\-y+z\{iP8\:\ֲ\0ea+J\\\\>9IO\'=\zY\\\%y+z\V庭iZ\1gxJժ%DAYXJ\\\g2g\\U\\-y+zrWJҵL:RU,XZs\XB		YYYX}\\g\b\䭸)\^Jڟ֠F1J\V-[PBn\\T+\\\\:\Ώ\\\-9)j5*H\\dXgiZ\߽aB>Y\\fd\σ\\ߍJr\\Z`g\_\$VR\nC>\!+)\\[\\\{7\Y\J\R\l\'\\n\\"~ZkJP-V`\}%a++)\w|nٓ3ݙ	ٽn;\\j!\(\rekYV4\z\{P\nj\W4\{$\[\zy+\[W\(Ձ\Xee+X$Xb\\\0\0++\\wvn\fߋ\7zٽk\:Ι\^\8mQk%,_O\a\YXB*W\\4uw>Ht͖/Cx\0\rZi6	b\[S\\7\B!++o\wិw\\\\|\33\jh\\x\?\\Z\Z5\\\J֥A\[<-T\+++}f3\w|\\W<??\\F-G\x62j\1\[\\ۼ#\\\m\0!J}\9\\\XVU:Ο9j\\x\<oFW\V_\\_ufֵ\0\0Lf\3e\rm3:zɾ3\hѥ\ZGP\n\n\[\\\\\0B\\\uolc훻\\y\ufgx\\\\V\\r\\\8N\\69_\\Q\\\0\@\0!C\wUc\|Y\V\t7\\\Yo\n/\\\4\\ڱ\Da\B\{U>vM\H\bp0k-[q\0/\Eۖ\\\0\\\\o\0\\\:޵\xfYʰ\ߎ\\e7/\~ks[\\\y\!\\:c\\z\tL\0\\3\\dKK%/{\׵ٲ\5DGH\"\'\\;:\;3a7lTG]:\[2n\ɻ\\\y\Zw\\\o\n+q[\VB\"#BU|\\\\ǽ\=2f	g&\W\\\|n\\\fg\\z^jڷ\!BY903#\03\g\~1\\\~;\v\\T\D\\g{2fL\1\\5t\Y\2=n\|7wwvZw\\\<V\\%e`\޷z\\'\\&dU\"0\L`\\l|q;\\\ZW\x\+q[\°!	YR\&\5\\\3`Ea\֯b\:#\\gZ=\\\z<o\\ΰ!J+\\fg:b\'\F0z]\\Va\I\ٻ7蟟\\\xa\XFQ~\\fw֮\B1:fgD;c\\\vo\\3\4%JS\M\ݛ\ueAbtu\\3!\ww}\\\\\=+\yδ\\T@`\[f\\{\\g0 VWV\\V\01\\\X2=\ft\\a\fw\BVIXB7;\\t\"\c\\\\;\:\;2g\:$!$\odއ^\'?\\\L!\\HB\\{>;\\j\>\<>\f|#\$\nB\\\\7\HǳLϩ\\o[\\7㟭݀P\\0<o\}i\\\f\'\|4N+RL?ɟ\">N\\Ϯ\\`!\@B#\!,\FgoGG?-f!\#\\w\\<oD\0\0\0M\0[\y#\\G\'\~\w|=h\0\0\0\f\\;>{&\\\&zf<\'\3\\0\0\0C\9F>\\\\\1\\ψ\0V:\0ϖ\\wW\L:Hy}o\\Pno\\~[\\~\n_\\\\C?A\|x\\\,[\-,X<wv\\v\x;\D\\\\y\\\f\\\X\\X,XNb\ya\O\'\\{\ޖ\y?\0\[\\\\\\"%,Xm\\M\|Z\\#\\kkZ\mv\-?\5_߯\m\[ߢյl 	\ߑ,\\<\;\ٱ\Vś\\r\0\S:\Ј\EBXkj\w\|2>\>O\w\ٻ,q6\\f\\DDj\&|w\z=gO\3\\7n\\ٽ\Y\Tmz\\q\_~_!kZٿ#\;|\0>\\\F3X\[\\\\0|\8g/<lXaTJV\f\\\\0\I\\jZc?LKV\+~^R\cFeegkS\|w\<1L=\ظ\3e\\W~\0\\0/\0\0\0\0\0\0\0 0@!1PQ`A2B\"pabq\\0?\0\\z\\*(\\\Gbֻ\$v.\AG{Yr\\O\\y\\ZK\rP\5\Y`\QG53\"\\9j=⬣\Z\]btÏ%e\<\\\ZMQ\\g)\WY-o>\X<\ly+u\.\ՖN\lc\Wu\vX\8v^\ZKno]\y+ugG>ԭ\6h\݀ܮַ.<Z\z\G<0&\HzӰ\pYra\܋8\6W\'J.\8\0\}\D\\\n=!`:BJi!2\Տ+=Q(+\\ĘGq\` \a\EY}\Oh\A	\`%2) \j</P\<D;\Q\L;Q(=\G{ua\cA\2]\\r˳=ſAiϰu	\v;ځ\Q]\5\}\\\;-\'\\\\\r\\{w~\\\c\<ػ-\,_?\\a\kvo_=7ܽע/V~;\\0mȃxl\ݖ\\\\n;wg\*x@`:E\_j{Pa#\gi\CLr\`\1t`=%T\.\^]\\|\\"¨GI\\UD2Cj\\$ϓ\\\0!]E쏶euP\4\Pb.FS>\0juz<\0\J\?)\\F:}n\A㩡J%ӗ\EU<:4oqu\O	\\iq.\\\\>>/\>\'K<(\/\\\0\\~%< \n\\\Y\\}:\\)%\\ZN/QqE0*!y-U\n(/O\\@<_\\f \ǜY\Ǟ\hoW6\Da\\0!\0\0\0\0\0\0 0@\\0\0_? Bb\v\\~/U1ѣNh\0*1\8\&&3<,	UUP\\|N\hXh\s)H)5\0u8\8\cU**A*]=gFk(ÌS)IF5F2\\c8\ \Z1	r\\\*!\\\i\\\\\r:4DL\Zu[y\\b\0\n\@U\{\z8x!\\\"dd8\|щ\U*\&3LLp\0\h\\0\0W\/d%iӢ\_.)\0K@wvA\q\0\\rP\0n\4FӃt@\FXPm :\,[\8\\qR\P@!\\;J6Ѫa+FoHLw\Z\,]шLq\\\q\:\rV@<]_5\\rò.\\Lrt<\u@J\\\q\ޫ\T!t\\wɦvmӫ\d\\\,\\aTq11ҫ\ro\涕i9;S(\t,\\\\00\\\Z*\rjٓp\+3!)S3\,@a%\JꡢUV0\\4sv̛ZfB\"#ey.,\c111 \G\rV\TB<]\Ô٫^2X@\nU2\<\X\1\ć5\l*<\\w::5²ee3UPn\\Lf(k\!<]Usz\r\\\&\P\0<XD\qk22\b	^\\\*\jW\\]GH	[v\Y\g2\ݬ\11\Wc	F>UUU]$˻<sU\YJ\dde!B3A\\V\\\U\WURWl`ݍ\\\FVQ2222+\f\1\sr\\460<\uU\thꂡ\x;q\LQ>~j2\\\\\\\\R]\\rF\\\\UUUm\\ʩFTh_LxC8T \∙}bK%Cƫ\\U⪨jeWO7\qqq?\Zdfffg\bBB\"$4B\\|*D\[\\\\\\\\\\\\\\\\R\\0b\bbnA\rWzJU^\d4Gdٻ\\ˋË8c?UUqwb<|kW\\wneara	r\\KLqpqqpqO\?\\\\?\\\0\\ ~\\0^\\\˲\\.ܬ⥭]\?#\\\\\0\\\\h!Lӫ\\rIl6xgT\	r\\}\\\\\%|\7\\\\0\&\A!LuA\\\\qw\<\i\UR\w\g/\\\\\ܘ!!A\\UUUo)R݋IUH1\˻\ZUU\\~g\$ 	CW\Lx\0\j.\#ZUi\\\V\\\\g\\ӕϓ\?3\?3\?#\\0\"B\d\\v1<Uhii\{]\\U\0\\\\\\*\0h \\\xۡ\\\QU[FUUHUU]\0BeD!T\*Rc	j\\#\v툕U*wwb\"#!B\\Z4VuFCaN\'ɄX	fC\1V᪕UUU\P5r\\La\r\Z=UV\\\\e\\\m\kr&U\˕\hDn\\\J!1\\w.\r\PH\*0\,\V\\CF\'UR#w_th\Cf\4KUeؚfJc\r䒣be\\F\*TP4swwwt\0\Z!=\dYlt&_Nv =\Z`\\Rl\#,e\UU\Ոde\\*sņCA\ln\P\H\=vhD!\zUUL#*c\JR\\\\W4z\\r?WBjUGL\J\MO]ކ\\UKF	\rWz!+wLŶ]\duk|S\W<^\\u\\2\ma2\:Gl&w~Tvq^.\r\HC\\1ѣ:]\\nV\\\\B\\\0l:B_.ΓD5U\ޝ<\\Z!B}keJ\0\];\"VT!+wwr\0\\r^ޣ\\Umwc\~\%\\\4h!D\vz\3Ț \R%j\\ZD!\Z4K\/͋\XUK\7PONC\\h\g\\m{c\Ў\O#\K\5[٣FG\\K\\G,cB8w|Hʃ(\\tUth\\09\\\\\:!Ly \\\\\0\0\0\0\U\\>A\DxcGT#\\W\\\$M]\ޮ\\11\0\0⹨p\\\\sq\GUL5AU\T\\J\\ˆ? ^[^/wlXluQ\<+UT%wi\U,n\\𮎝4\U\V\k\\\\\\x\ެ\\\\<>\f\z:7\\֪P\Æ__/c.]\w/U/h9c\W5\@!?~Y~?\wwr\n\\Wp\0k\\0\_\r\\]˱d%x֫\\x4y\Z%Ul*~\\\\`c\Kۺ\?\I\\\%K2Ѫ\!\0\\\\?\\2\b!.t!jFBn9\*~\\e\1\\٧F\\"1\\\r1\\ZaM6n.)>\\0.\0\0\0\0\0\0\0\0\00 !@P`1\"QAq2R#a\\0?\0¨\=\\;֥TZWĴ\l\;{篈k\\+Ʌ\\)Pp~aW\\\xEq0K\'s\0k_XΚԾJ.T\Tz8ZW+/{\\j\\nljzL\0=\Zgzµ\k{#\\v.\;\n\n\	\\T:.\T7΂\\n	o\0:JѸp @ \nǃnw*\\(DJ \!\\\n0L	=R;c\p\W\W\UR{\֍\x+w;q\N8H\\=\m\k\\rt\vW\\\l0\;\U]l\\:lB\OW>\\_!x\v\'>%XZ\\n<UC\\\.< \"=4y\{z\X/@\ \E3\\V˄<@\$K$\\0f\efWʺǤ6D\YGܐ\ŇR	\\\ \\|\TFX찫p8\-\ڝ\?\_\\\\l&\0ڜ\e\}HeMo$\\n\0\\4^\IofR[=\ن\\ml\zV[39\^\NV/\\'?:\\+;N\0Pv\=l\g\\)\Plǥ\}Ͽƽ{}L\>hgy{\8Y*Y\x#\\\3\\\m\r譫+ޙ\t<d\\>Cgk(S\=$O _\0O4\(&\\^2Y|dH]%UQʎ{s\'),(7,'','Korallia','Frenette','KoralliaFrenette@gmail.com','$2a$10$hK0IiUa2pbJ0Y6W20ZSNwuPLRbwexVW0Qs2Bt/StEs/ivtaRFX.4G','mpf','2370 rue des saturnies','St-bruno','J3V 0E3','','');
/*!40000 ALTER TABLE `user` ENABLE KEYS */;
UNLOCK TABLES;

--
-- Table structure for table `vente`
--

DROP TABLE IF EXISTS `vente`;
/*!40101 SET @saved_cs_client     = @@character_set_client */;
/*!50503 SET character_set_client = utf8mb4 */;
CREATE TABLE `vente` (
  `id` int NOT NULL AUTO_INCREMENT,
  `productId` int DEFAULT NULL,
  `quantity` int DEFAULT NULL,
  `ventedate` datetime DEFAULT CURRENT_TIMESTAMP,
  `userid` int DEFAULT NULL,
  UNIQUE KEY `vente_id_IDX` (`id`) USING BTREE,
  KEY `vente_FK` (`userid`),
  CONSTRAINT `vente_FK` FOREIGN KEY (`userid`) REFERENCES `user` (`id`) ON DELETE RESTRICT ON UPDATE RESTRICT
) ENGINE=InnoDB AUTO_INCREMENT=2 DEFAULT CHARSET=utf8mb4 COLLATE=utf8mb4_0900_ai_ci;
/*!40101 SET character_set_client = @saved_cs_client */;

--
-- Dumping data for table `vente`
--

LOCK TABLES `vente` WRITE;
/*!40000 ALTER TABLE `vente` DISABLE KEYS */;
INSERT INTO `vente` VALUES (1,7,10,'2022-11-27 11:17:08',1);
/*!40000 ALTER TABLE `vente` ENABLE KEYS */;
UNLOCK TABLES;

--
-- Dumping routines for database 'trocqc'
--
/*!40103 SET TIME_ZONE=@OLD_TIME_ZONE */;

/*!40101 SET SQL_MODE=@OLD_SQL_MODE */;
/*!40014 SET FOREIGN_KEY_CHECKS=@OLD_FOREIGN_KEY_CHECKS */;
/*!40014 SET UNIQUE_CHECKS=@OLD_UNIQUE_CHECKS */;
/*!40101 SET CHARACTER_SET_CLIENT=@OLD_CHARACTER_SET_CLIENT */;
/*!40101 SET CHARACTER_SET_RESULTS=@OLD_CHARACTER_SET_RESULTS */;
/*!40101 SET COLLATION_CONNECTION=@OLD_COLLATION_CONNECTION */;
/*!40111 SET SQL_NOTES=@OLD_SQL_NOTES */;

-- Dump completed on 2022-12-06 20:38:21
